-- MySQL dump 10.13  Distrib 8.0.27, for Win64 (x86_64)
--
-- Host: localhost    Database: new_schema
-- ------------------------------------------------------
-- Server version	8.0.27

/*!40101 SET @OLD_CHARACTER_SET_CLIENT=@@CHARACTER_SET_CLIENT */;
/*!40101 SET @OLD_CHARACTER_SET_RESULTS=@@CHARACTER_SET_RESULTS */;
/*!40101 SET @OLD_COLLATION_CONNECTION=@@COLLATION_CONNECTION */;
/*!50503 SET NAMES utf8mb4 */;
/*!40103 SET @OLD_TIME_ZONE=@@TIME_ZONE */;
/*!40103 SET TIME_ZONE='+00:00' */;
/*!40014 SET @OLD_UNIQUE_CHECKS=@@UNIQUE_CHECKS, UNIQUE_CHECKS=0 */;
/*!40014 SET @OLD_FOREIGN_KEY_CHECKS=@@FOREIGN_KEY_CHECKS, FOREIGN_KEY_CHECKS=0 */;
/*!40101 SET @OLD_SQL_MODE=@@SQL_MODE, SQL_MODE='NO_AUTO_VALUE_ON_ZERO' */;
/*!40111 SET @OLD_SQL_NOTES=@@SQL_NOTES, SQL_NOTES=0 */;

--
-- Table structure for table `admin`
--

DROP TABLE IF EXISTS `admin`;
/*!40101 SET @saved_cs_client     = @@character_set_client */;
/*!50503 SET character_set_client = utf8mb4 */;
CREATE TABLE `admin` (
  `username` varchar(255) NOT NULL,
  `password` varchar(255) NOT NULL,
  PRIMARY KEY (`username`),
  UNIQUE KEY `username_UNIQUE` (`username`)
) ENGINE=InnoDB DEFAULT CHARSET=utf8mb4 COLLATE=utf8mb4_0900_ai_ci;
/*!40101 SET character_set_client = @saved_cs_client */;

--
-- Dumping data for table `admin`
--

LOCK TABLES `admin` WRITE;
/*!40000 ALTER TABLE `admin` DISABLE KEYS */;
INSERT INTO `admin` VALUES ('admin1','$2b$10$wZI47OAYTUmCy3Eo28PCI.OQepjN0Z84PHmlvHD9AlKjIoqYCD17W'),('admin2','$2b$10$4PTuChcYuHilN8FrlMHrd.O/tYclr9IFt5L5GjMjRNhTrGSmJdIYq'),('admin3','$2b$10$9xYSWxGZosa0DNg4Sl5fReXK8UXNKoZ4tptQo28GOkLTIt5gmBhju'),('admin4','$2b$10$SFMFfoJ38hcqOsQnXxNSq.HNyOLbahDyXKA/dnMgtt2W/AlxaPA7.'),('admin5','$2b$10$VPC4p..ftlG6CRApjMxNMuvCKPyReVCs/hO8XZn6UdG4WRrLe1SpC');
/*!40000 ALTER TABLE `admin` ENABLE KEYS */;
UNLOCK TABLES;

--
-- Table structure for table `book_seats`
--

DROP TABLE IF EXISTS `book_seats`;
/*!40101 SET @saved_cs_client     = @@character_set_client */;
/*!50503 SET character_set_client = utf8mb4 */;
CREATE TABLE `book_seats` (
  `booking_id` int NOT NULL,
  `seat_id` int NOT NULL,
  PRIMARY KEY (`booking_id`,`seat_id`),
  KEY `fk2_idx` (`seat_id`),
  CONSTRAINT `fk1` FOREIGN KEY (`booking_id`) REFERENCES `booking` (`booking_id`) ON DELETE CASCADE ON UPDATE CASCADE,
  CONSTRAINT `fk2` FOREIGN KEY (`seat_id`) REFERENCES `seats` (`seat_id`) ON DELETE RESTRICT ON UPDATE RESTRICT
) ENGINE=InnoDB DEFAULT CHARSET=utf8mb4 COLLATE=utf8mb4_0900_ai_ci;
/*!40101 SET character_set_client = @saved_cs_client */;

--
-- Dumping data for table `book_seats`
--

LOCK TABLES `book_seats` WRITE;
/*!40000 ALTER TABLE `book_seats` DISABLE KEYS */;
INSERT INTO `book_seats` VALUES (1,1),(1,2),(1,3),(3,6),(6,6),(19,6),(3,7),(6,7),(19,7),(3,8),(6,8),(9,8),(16,8),(19,8),(6,9),(9,9),(14,9),(16,9),(19,9),(6,10),(14,10),(16,10),(19,10),(9,23),(9,24),(14,24),(14,25),(8,30),(12,31),(12,32),(12,33),(12,34),(12,35),(5,36),(5,37),(5,38),(9,38),(9,39),(14,39),(14,40),(13,41),(7,42),(13,42),(7,43),(13,43),(8,45),(12,46),(20,46),(12,47),(20,47),(12,48),(20,48),(12,49),(20,49),(12,50),(20,50),(2,51),(5,51),(11,51),(17,51),(18,51),(2,52),(5,52),(11,52),(17,52),(18,52),(2,53),(5,53),(9,53),(11,53),(15,53),(17,53),(18,53),(9,54),(11,54),(14,54),(15,54),(17,54),(11,55),(14,55),(15,55),(17,55),(4,56),(10,56),(11,56),(13,56),(7,57),(10,57),(11,57),(13,57),(7,58),(10,58),(11,58),(13,58),(10,59),(11,59),(8,60),(10,60),(11,60),(4,71),(8,75),(4,86);
/*!40000 ALTER TABLE `book_seats` ENABLE KEYS */;
UNLOCK TABLES;

--
-- Table structure for table `booking`
--

DROP TABLE IF EXISTS `booking`;
/*!40101 SET @saved_cs_client     = @@character_set_client */;
/*!50503 SET character_set_client = utf8mb4 */;
CREATE TABLE `booking` (
  `booking_id` int NOT NULL AUTO_INCREMENT,
  `user_id` int NOT NULL,
  `match_id` int NOT NULL,
  `seat_total` int NOT NULL,
  `merch_total` int NOT NULL,
  `food_total` int NOT NULL,
  PRIMARY KEY (`booking_id`,`user_id`),
  KEY `fk3_idx` (`user_id`),
  KEY `fk4_idx` (`match_id`),
  CONSTRAINT `fk3` FOREIGN KEY (`user_id`) REFERENCES `user` (`user_id`) ON DELETE RESTRICT ON UPDATE RESTRICT,
  CONSTRAINT `fk4` FOREIGN KEY (`match_id`) REFERENCES `match` (`match_id`) ON DELETE RESTRICT ON UPDATE RESTRICT
) ENGINE=InnoDB AUTO_INCREMENT=21 DEFAULT CHARSET=utf8mb4 COLLATE=utf8mb4_0900_ai_ci;
/*!40101 SET character_set_client = @saved_cs_client */;

--
-- Dumping data for table `booking`
--

LOCK TABLES `booking` WRITE;
/*!40000 ALTER TABLE `booking` DISABLE KEYS */;
INSERT INTO `booking` VALUES (1,1,1,15000,749,260),(2,1,2,4500,1498,170),(3,2,3,19500,0,60),(4,2,4,7500,1498,150),(5,3,5,30000,0,800),(6,3,6,37500,1498,0),(7,4,7,12000,1498,0),(8,4,8,12000,0,225),(9,5,9,44000,0,400),(10,5,10,12500,1498,0),(11,6,11,15000,0,0),(12,6,12,30000,2247,0),(13,7,13,18600,4494,300),(14,7,14,32400,5992,400),(15,8,15,6000,2247,0),(16,8,16,15000,2247,240),(17,9,17,6250,0,525),(18,9,18,3750,0,150),(19,10,19,25000,3745,700),(20,10,20,7500,4494,530);
/*!40000 ALTER TABLE `booking` ENABLE KEYS */;
UNLOCK TABLES;

--
-- Table structure for table `booking_food`
--

DROP TABLE IF EXISTS `booking_food`;
/*!40101 SET @saved_cs_client     = @@character_set_client */;
/*!50503 SET character_set_client = utf8mb4 */;
CREATE TABLE `booking_food` (
  `booking_id` int NOT NULL,
  `food_id` int NOT NULL,
  `quantity` int NOT NULL,
  PRIMARY KEY (`booking_id`,`food_id`),
  KEY `fk6_idx` (`food_id`),
  CONSTRAINT `fk5` FOREIGN KEY (`booking_id`) REFERENCES `booking` (`booking_id`) ON DELETE CASCADE ON UPDATE CASCADE,
  CONSTRAINT `fk6` FOREIGN KEY (`food_id`) REFERENCES `food_item` (`food_id`) ON DELETE RESTRICT ON UPDATE RESTRICT
) ENGINE=InnoDB DEFAULT CHARSET=utf8mb4 COLLATE=utf8mb4_0900_ai_ci;
/*!40101 SET character_set_client = @saved_cs_client */;

--
-- Dumping data for table `booking_food`
--

LOCK TABLES `booking_food` WRITE;
/*!40000 ALTER TABLE `booking_food` DISABLE KEYS */;
INSERT INTO `booking_food` VALUES (1,1,1),(1,3,2),(1,5,2),(2,2,2),(2,10,2),(3,9,3),(4,3,3),(5,3,8),(5,5,8),(8,7,5),(9,5,8),(13,2,6),(14,3,8),(16,6,3),(17,6,3),(17,7,3),(17,8,2),(17,9,3),(18,2,3),(19,1,5),(19,6,5),(20,8,6),(20,9,6),(20,10,4);
/*!40000 ALTER TABLE `booking_food` ENABLE KEYS */;
UNLOCK TABLES;

--
-- Table structure for table `booking_merch`
--

DROP TABLE IF EXISTS `booking_merch`;
/*!40101 SET @saved_cs_client     = @@character_set_client */;
/*!50503 SET character_set_client = utf8mb4 */;
CREATE TABLE `booking_merch` (
  `booking_id` int NOT NULL,
  `merch_id` int NOT NULL,
  `quantity` int NOT NULL,
  PRIMARY KEY (`booking_id`,`merch_id`),
  KEY `fk8_idx` (`merch_id`),
  CONSTRAINT `fk7` FOREIGN KEY (`booking_id`) REFERENCES `booking` (`booking_id`) ON DELETE CASCADE ON UPDATE CASCADE,
  CONSTRAINT `fk8` FOREIGN KEY (`merch_id`) REFERENCES `merch` (`merch_id`) ON DELETE RESTRICT ON UPDATE RESTRICT
) ENGINE=InnoDB DEFAULT CHARSET=utf8mb4 COLLATE=utf8mb4_0900_ai_ci;
/*!40101 SET character_set_client = @saved_cs_client */;

--
-- Dumping data for table `booking_merch`
--

LOCK TABLES `booking_merch` WRITE;
/*!40000 ALTER TABLE `booking_merch` DISABLE KEYS */;
INSERT INTO `booking_merch` VALUES (1,1,1),(2,3,2),(4,5,2),(6,2,2),(7,7,2),(10,2,2),(12,4,3),(13,9,6),(14,5,8),(15,8,3),(16,5,3),(19,1,5),(20,9,6);
/*!40000 ALTER TABLE `booking_merch` ENABLE KEYS */;
UNLOCK TABLES;

--
-- Table structure for table `food_item`
--

DROP TABLE IF EXISTS `food_item`;
/*!40101 SET @saved_cs_client     = @@character_set_client */;
/*!50503 SET character_set_client = utf8mb4 */;
CREATE TABLE `food_item` (
  `food_id` int NOT NULL AUTO_INCREMENT,
  `food_name` varchar(255) NOT NULL,
  `food_price` int NOT NULL,
  `food_image` varchar(1000) NOT NULL,
  PRIMARY KEY (`food_id`),
  UNIQUE KEY `food_name_UNIQUE` (`food_name`)
) ENGINE=InnoDB AUTO_INCREMENT=13 DEFAULT CHARSET=utf8mb4 COLLATE=utf8mb4_0900_ai_ci;
/*!40101 SET character_set_client = @saved_cs_client */;

--
-- Dumping data for table `food_item`
--

LOCK TABLES `food_item` WRITE;
/*!40000 ALTER TABLE `food_item` DISABLE KEYS */;
INSERT INTO `food_item` VALUES (1,'Samosa',60,'https://static.toiimg.com/thumb/61050397.cms?width=1200&height=900'),(2,'Soft Drinks',50,'https://www.foodnavigator-asia.com/var/wrbm_gb_food_pharma/storage/images/publications/food-beverage-nutrition/foodnavigator-asia.com/article/2018/03/29/soft-drink-health-concerns-not-yet-trickled-down-into-social-media-users-mentions-of-brands/7819019-1-eng-GB/Soft-drink-health-concerns-not-yet-trickled-down-into-social-media-users-mentions-of-brands.jpg'),(3,'Cheese Popcorn',50,'https://www.foodlovinfamily.com/wp-content/uploads/2021/11/cheese-popcorn.jpg'),(4,'Salted Popcorn',45,'https://wholefully.com/wp-content/uploads/2017/06/movie-theatre-popcorn-800x1200-720x540.jpg'),(5,'Caramel Popcorn',50,'https://www.countryhillcottage.com/wp-content/uploads/2018/10/Country_Hill_Cottage_Caramel_Popcorn_Recipe-12-720x540.jpg'),(6,'Nachos',80,'https://www.kannammacooks.com/wp-content/uploads/Homemade-Cheese-Sauce-and-Salsa-for-Nachos-2.jpg'),(7,'Coffee',45,'https://media-cldnry.s-nbcnews.com/image/upload/t_nbcnews-fp-1200-630,f_auto,q_auto:best/newscms/2019_33/2203981/171026-better-coffee-boost-se-329p.jpg'),(8,'Tea',45,'https://static.toiimg.com/photo/83173328.cms'),(9,'Chips',20,'https://upload.wikimedia.org/wikipedia/commons/6/69/Potato-Chips.jpg'),(10,'Vada Pav',35,'https://d2np4vr8r37sds.cloudfront.net/img/article/904-jisddryqlj-1487692529.jpg');
/*!40000 ALTER TABLE `food_item` ENABLE KEYS */;
UNLOCK TABLES;

--
-- Table structure for table `match`
--

DROP TABLE IF EXISTS `match`;
/*!40101 SET @saved_cs_client     = @@character_set_client */;
/*!50503 SET character_set_client = utf8mb4 */;
CREATE TABLE `match` (
  `match_id` int NOT NULL AUTO_INCREMENT,
  `match_format` varchar(255) NOT NULL,
  `match_type` varchar(255) NOT NULL,
  `date_time` datetime NOT NULL,
  `stadium_id` int NOT NULL,
  `team1_id` int NOT NULL,
  `team2_id` int NOT NULL,
  PRIMARY KEY (`match_id`),
  KEY `fk9_idx` (`stadium_id`),
  KEY `fk10_idx` (`team1_id`),
  KEY `fk11_idx` (`team2_id`),
  CONSTRAINT `fk10` FOREIGN KEY (`team1_id`) REFERENCES `teams` (`team_id`) ON DELETE RESTRICT ON UPDATE RESTRICT,
  CONSTRAINT `fk11` FOREIGN KEY (`team2_id`) REFERENCES `teams` (`team_id`) ON DELETE RESTRICT ON UPDATE RESTRICT,
  CONSTRAINT `fk9` FOREIGN KEY (`stadium_id`) REFERENCES `stadium` (`stadium_id`) ON DELETE RESTRICT ON UPDATE RESTRICT
) ENGINE=InnoDB AUTO_INCREMENT=25 DEFAULT CHARSET=utf8mb4 COLLATE=utf8mb4_0900_ai_ci;
/*!40101 SET character_set_client = @saved_cs_client */;

--
-- Dumping data for table `match`
--

LOCK TABLES `match` WRITE;
/*!40000 ALTER TABLE `match` DISABLE KEYS */;
INSERT INTO `match` VALUES (1,'ODI','League Match','2022-05-05 09:00:00',1,1,2),(2,'Test','League Match','2022-05-15 08:00:00',1,1,7),(3,'T20','League Match','2022-05-13 19:00:00',3,4,5),(4,'ODI','League Match','2022-05-13 14:00:00',3,4,10),(5,'Test','League Match','2022-05-19 14:00:00',2,1,4),(6,'Test','League Match','2022-06-30 14:00:00',2,2,4),(7,'T20','Quarter-Finals','2022-07-08 20:00:00',4,1,6),(8,'T20','Quarter-Finals','2022-07-08 12:00:00',4,8,9),(9,'Test','League Match','2022-08-10 05:00:00',5,2,3),(10,'Test','League Match','2022-08-25 05:00:00',5,2,4),(11,'T20','League Match','2022-07-30 20:00:00',6,1,10),(12,'T20','League Match','2022-07-23 20:00:00',6,1,5),(13,'T20','Semi-Finals','2022-08-18 20:00:00',7,7,8),(14,'ODI','League Match','2022-07-14 15:00:00',7,6,4),(15,'Test','League Match','2022-07-21 15:00:00',8,3,5),(16,'ODI','Finals','2022-07-31 15:00:00',8,3,4),(17,'ODI','Semi-Finals','2022-06-17 16:00:00',9,5,7),(18,'Test','League Match','2022-06-07 16:00:00',9,5,1),(19,'ODI','Finals','2022-07-16 14:00:00',10,1,9),(20,'T20','League Match','2022-08-01 20:00:00',10,1,8);
/*!40000 ALTER TABLE `match` ENABLE KEYS */;
UNLOCK TABLES;

--
-- Table structure for table `merch`
--

DROP TABLE IF EXISTS `merch`;
/*!40101 SET @saved_cs_client     = @@character_set_client */;
/*!50503 SET character_set_client = utf8mb4 */;
CREATE TABLE `merch` (
  `merch_id` int NOT NULL AUTO_INCREMENT,
  `merch_name` varchar(255) NOT NULL,
  `merch_image` varchar(255) NOT NULL,
  `merch_price` int NOT NULL,
  PRIMARY KEY (`merch_id`)
) ENGINE=InnoDB AUTO_INCREMENT=11 DEFAULT CHARSET=utf8mb4 COLLATE=utf8mb4_0900_ai_ci;
/*!40101 SET character_set_client = @saved_cs_client */;

--
-- Dumping data for table `merch`
--

LOCK TABLES `merch` WRITE;
/*!40000 ALTER TABLE `merch` DISABLE KEYS */;
INSERT INTO `merch` VALUES (1,'India','https://m.media-amazon.com/images/I/41jTIbXoERL.jpg',749),(2,'Australia','https://m.media-amazon.com/images/I/816V6ZZI2UL._AC_UX385_.jpg',749),(3,'Sri Lanka','https://i.pinimg.com/736x/59/b2/a4/59b2a4b3b728c28e5837a782cbb7cd10.jpg',749),(4,'Pakistan','https://i.ebayimg.com/images/g/NpIAAOSwiKVc7ARo/s-l300.jpg',749),(5,'England','https://m.media-amazon.com/images/I/71k3TBwlFuL._UL1500_.jpg',749),(6,'Ireland','https://image.made-in-china.com/202f0j00VJeTjdwgypuN/OEM-Custom-Sublimation-Print-Cricket-Jerseys-Using-Team-Own-Design-Colors-Logos.jpg',749),(7,'Bangladesh','https://bestcricketstore.com/wp-content/uploads/2019/06/675b5354-6f2a-436f-a9da-a2a2ca70061c-1000x1063.jpeg',749),(8,'South Africa','https://cdn.shopify.com/s/files/1/0317/0359/7193/products/TM0726_A_1000x1000.jpg?v=1637225469',749),(9,'Afghanistan','http://cdn.shopify.com/s/files/1/0565/8034/1957/products/AfghanistanCricketTeamFansT-shirtJerseys-T20WorldCupJersey_JustAdore.jpg?v=1634211320',749),(10,'New Zealand','https://m.media-amazon.com/images/I/51NuVl5+TJL._SL1225_.jpg',749);
/*!40000 ALTER TABLE `merch` ENABLE KEYS */;
UNLOCK TABLES;

--
-- Table structure for table `seats`
--

DROP TABLE IF EXISTS `seats`;
/*!40101 SET @saved_cs_client     = @@character_set_client */;
/*!50503 SET character_set_client = utf8mb4 */;
CREATE TABLE `seats` (
  `seat_id` int NOT NULL,
  `stadium_id` int NOT NULL,
  `seat_type` varchar(255) NOT NULL,
  `seat_price` int NOT NULL,
  PRIMARY KEY (`seat_id`,`stadium_id`),
  KEY `fk12_idx` (`stadium_id`),
  CONSTRAINT `fk12` FOREIGN KEY (`stadium_id`) REFERENCES `stadium` (`stadium_id`) ON DELETE CASCADE ON UPDATE RESTRICT
) ENGINE=InnoDB DEFAULT CHARSET=utf8mb4 COLLATE=utf8mb4_0900_ai_ci;
/*!40101 SET character_set_client = @saved_cs_client */;

--
-- Dumping data for table `seats`
--

LOCK TABLES `seats` WRITE;
/*!40000 ALTER TABLE `seats` DISABLE KEYS */;
INSERT INTO `seats` VALUES (1,1,'Premium',5000),(1,2,'Premium',7500),(1,3,'Premium',6500),(1,4,'Premium',4500),(1,5,'Premium',6500),(1,6,'Premium',4500),(1,7,'Premium',5000),(1,8,'Premium',5000),(1,9,'Premium',4000),(1,10,'Premium',5000),(2,1,'Premium',5000),(2,2,'Premium',7500),(2,3,'Premium',6500),(2,4,'Premium',4500),(2,5,'Premium',6500),(2,6,'Premium',4500),(2,7,'Premium',5000),(2,8,'Premium',5000),(2,9,'Premium',4000),(2,10,'Premium',5000),(3,1,'Premium',5000),(3,2,'Premium',7500),(3,3,'Premium',6500),(3,4,'Premium',4500),(3,5,'Premium',6500),(3,6,'Premium',4500),(3,7,'Premium',5000),(3,8,'Premium',5000),(3,9,'Premium',4000),(3,10,'Premium',5000),(4,1,'Premium',5000),(4,2,'Premium',7500),(4,3,'Premium',6500),(4,4,'Premium',4500),(4,5,'Premium',6500),(4,6,'Premium',4500),(4,7,'Premium',5000),(4,8,'Premium',5000),(4,9,'Premium',4000),(4,10,'Premium',5000),(5,1,'Premium',5000),(5,2,'Premium',7500),(5,3,'Premium',6500),(5,4,'Premium',4500),(5,5,'Premium',6500),(5,6,'Premium',4500),(5,7,'Premium',5000),(5,8,'Premium',5000),(5,9,'Premium',4000),(5,10,'Premium',5000),(6,1,'Premium',5000),(6,2,'Premium',7500),(6,3,'Premium',6500),(6,4,'Premium',4500),(6,5,'Premium',6500),(6,6,'Premium',4500),(6,7,'Premium',5000),(6,8,'Premium',5000),(6,9,'Premium',4000),(6,10,'Premium',5000),(7,1,'Premium',5000),(7,2,'Premium',7500),(7,3,'Premium',6500),(7,4,'Premium',4500),(7,5,'Premium',6500),(7,6,'Premium',4500),(7,7,'Premium',5000),(7,8,'Premium',5000),(7,9,'Premium',4000),(7,10,'Premium',5000),(8,1,'Premium',5000),(8,2,'Premium',7500),(8,3,'Premium',6500),(8,4,'Premium',4500),(8,5,'Premium',6500),(8,6,'Premium',4500),(8,7,'Premium',5000),(8,8,'Premium',5000),(8,9,'Premium',4000),(8,10,'Premium',5000),(9,1,'Premium',5000),(9,2,'Premium',7500),(9,3,'Premium',6500),(9,4,'Premium',4500),(9,5,'Premium',6500),(9,6,'Premium',4500),(9,7,'Premium',5000),(9,8,'Premium',5000),(9,9,'Premium',4000),(9,10,'Premium',5000),(10,1,'Premium',5000),(10,2,'Premium',7500),(10,3,'Premium',6500),(10,4,'Premium',4500),(10,5,'Premium',6500),(10,6,'Premium',4500),(10,7,'Premium',5000),(10,8,'Premium',5000),(10,9,'Premium',4000),(10,10,'Premium',5000),(11,1,'Premium',5000),(11,2,'Premium',7500),(11,3,'Premium',6500),(11,4,'Premium',4500),(11,5,'Premium',6500),(11,6,'Premium',4500),(11,7,'Premium',5000),(11,8,'Premium',5000),(11,9,'Premium',4000),(11,10,'Premium',5000),(12,1,'Premium',5000),(12,2,'Premium',7500),(12,3,'Premium',6500),(12,4,'Premium',4500),(12,5,'Premium',6500),(12,6,'Premium',4500),(12,7,'Premium',5000),(12,8,'Premium',5000),(12,9,'Premium',4000),(12,10,'Premium',5000),(13,1,'Premium',5000),(13,2,'Premium',7500),(13,3,'Premium',6500),(13,4,'Premium',4500),(13,5,'Premium',6500),(13,6,'Premium',4500),(13,7,'Premium',5000),(13,8,'Premium',5000),(13,9,'Premium',4000),(13,10,'Premium',5000),(14,1,'Premium',5000),(14,2,'Premium',7500),(14,3,'Premium',6500),(14,4,'Premium',4500),(14,5,'Premium',6500),(14,6,'Premium',4500),(14,7,'Premium',5000),(14,8,'Premium',5000),(14,9,'Premium',4000),(14,10,'Premium',5000),(15,1,'Premium',5000),(15,2,'Premium',7500),(15,3,'Premium',6500),(15,4,'Premium',4500),(15,5,'Premium',6500),(15,6,'Premium',4500),(15,7,'Premium',5000),(15,8,'Premium',5000),(15,9,'Premium',4000),(15,10,'Premium',5000),(16,1,'Premium',5000),(16,2,'Premium',7500),(16,3,'Premium',6500),(16,4,'Premium',4500),(16,5,'Premium',6500),(16,6,'Premium',4500),(16,7,'Premium',5000),(16,8,'Premium',5000),(16,9,'Premium',4000),(16,10,'Premium',5000),(17,1,'Premium',5000),(17,2,'Premium',7500),(17,3,'Premium',6500),(17,4,'Premium',4500),(17,5,'Premium',6500),(17,6,'Premium',4500),(17,7,'Premium',5000),(17,8,'Premium',5000),(17,9,'Premium',4000),(17,10,'Premium',5000),(18,1,'Premium',5000),(18,2,'Premium',7500),(18,3,'Premium',6500),(18,4,'Premium',4500),(18,5,'Premium',6500),(18,6,'Premium',4500),(18,7,'Premium',5000),(18,8,'Premium',5000),(18,9,'Premium',4000),(18,10,'Premium',5000),(19,1,'Premium',5000),(19,2,'Premium',7500),(19,3,'Premium',6500),(19,4,'Premium',4500),(19,5,'Premium',6500),(19,6,'Premium',4500),(19,7,'Premium',5000),(19,8,'Premium',5000),(19,9,'Premium',4000),(19,10,'Premium',5000),(20,1,'Premium',5000),(20,2,'Premium',7500),(20,3,'Premium',6500),(20,4,'Premium',4500),(20,5,'Premium',6500),(20,6,'Premium',4500),(20,7,'Premium',5000),(20,8,'Premium',5000),(20,9,'Premium',4000),(20,10,'Premium',5000),(21,1,'Premium',5000),(21,2,'Premium',7500),(21,3,'Premium',6500),(21,4,'Premium',4500),(21,5,'Premium',6500),(21,6,'Premium',4500),(21,7,'Premium',5000),(21,8,'Premium',5000),(21,9,'Premium',4000),(21,10,'Premium',5000),(22,1,'Premium',5000),(22,2,'Premium',7500),(22,3,'Premium',6500),(22,4,'Premium',4500),(22,5,'Premium',6500),(22,6,'Premium',4500),(22,7,'Premium',5000),(22,8,'Premium',5000),(22,9,'Premium',4000),(22,10,'Premium',5000),(23,1,'Premium',5000),(23,2,'Premium',7500),(23,3,'Premium',6500),(23,4,'Premium',4500),(23,5,'Premium',6500),(23,6,'Premium',4500),(23,7,'Premium',5000),(23,8,'Premium',5000),(23,9,'Premium',4000),(23,10,'Premium',5000),(24,1,'Premium',5000),(24,2,'Premium',7500),(24,3,'Premium',6500),(24,4,'Premium',4500),(24,5,'Premium',6500),(24,6,'Premium',4500),(24,7,'Premium',5000),(24,8,'Premium',5000),(24,9,'Premium',4000),(24,10,'Premium',5000),(25,1,'Premium',5000),(25,2,'Premium',7500),(25,3,'Premium',6500),(25,4,'Premium',4500),(25,5,'Premium',6500),(25,6,'Premium',4500),(25,7,'Premium',5000),(25,8,'Premium',5000),(25,9,'Premium',4000),(25,10,'Premium',5000),(26,1,'Premium',5000),(26,2,'Premium',7500),(26,3,'Premium',6500),(26,4,'Premium',4500),(26,5,'Premium',6500),(26,6,'Premium',4500),(26,7,'Premium',5000),(26,8,'Premium',5000),(26,9,'Premium',4000),(26,10,'Premium',5000),(27,1,'Premium',5000),(27,2,'Premium',7500),(27,3,'Premium',6500),(27,4,'Premium',4500),(27,5,'Premium',6500),(27,6,'Premium',4500),(27,7,'Premium',5000),(27,8,'Premium',5000),(27,9,'Premium',4000),(27,10,'Premium',5000),(28,1,'Premium',5000),(28,2,'Premium',7500),(28,3,'Premium',6500),(28,4,'Premium',4500),(28,5,'Premium',6500),(28,6,'Premium',4500),(28,7,'Premium',5000),(28,8,'Premium',5000),(28,9,'Premium',4000),(28,10,'Premium',5000),(29,1,'Premium',5000),(29,2,'Premium',7500),(29,3,'Premium',6500),(29,4,'Premium',4500),(29,5,'Premium',6500),(29,6,'Premium',4500),(29,7,'Premium',5000),(29,8,'Premium',5000),(29,9,'Premium',4000),(29,10,'Premium',5000),(30,1,'Premium',5000),(30,2,'Premium',7500),(30,3,'Premium',6500),(30,4,'Premium',4500),(30,5,'Premium',6500),(30,6,'Premium',4500),(30,7,'Premium',5000),(30,8,'Premium',5000),(30,9,'Premium',4000),(30,10,'Premium',5000),(31,1,'Premium',5000),(31,2,'Premium',7500),(31,3,'Premium',6500),(31,4,'Premium',4500),(31,5,'Premium',6500),(31,6,'Premium',4500),(31,7,'Premium',5000),(31,8,'Premium',5000),(31,9,'Premium',4000),(31,10,'Premium',5000),(32,1,'Premium',5000),(32,2,'Premium',7500),(32,3,'Premium',6500),(32,4,'Premium',4500),(32,5,'Premium',6500),(32,6,'Premium',4500),(32,7,'Premium',5000),(32,8,'Premium',5000),(32,9,'Premium',4000),(32,10,'Premium',5000),(33,1,'Premium',5000),(33,2,'Premium',7500),(33,3,'Premium',6500),(33,4,'Premium',4500),(33,5,'Premium',6500),(33,6,'Premium',4500),(33,7,'Premium',5000),(33,8,'Premium',5000),(33,9,'Premium',4000),(33,10,'Premium',5000),(34,1,'Premium',5000),(34,2,'Premium',7500),(34,3,'Premium',6500),(34,4,'Premium',4500),(34,5,'Premium',6500),(34,6,'Premium',4500),(34,7,'Premium',5000),(34,8,'Premium',5000),(34,9,'Premium',4000),(34,10,'Premium',5000),(35,1,'Premium',5000),(35,2,'Premium',7500),(35,3,'Premium',6500),(35,4,'Premium',4500),(35,5,'Premium',6500),(35,6,'Premium',4500),(35,7,'Premium',5000),(35,8,'Premium',5000),(35,9,'Premium',4000),(35,10,'Premium',5000),(36,1,'Premium',5000),(36,2,'Premium',7500),(36,3,'Premium',6500),(36,4,'Premium',4500),(36,5,'Premium',6500),(36,6,'Premium',4500),(36,7,'Premium',5000),(36,8,'Premium',5000),(36,9,'Premium',4000),(36,10,'Premium',5000),(37,1,'Premium',5000),(37,2,'Premium',7500),(37,3,'Premium',6500),(37,4,'Premium',4500),(37,5,'Premium',6500),(37,6,'Premium',4500),(37,7,'Premium',5000),(37,8,'Premium',5000),(37,9,'Premium',4000),(37,10,'Premium',5000),(38,1,'Premium',5000),(38,2,'Premium',7500),(38,3,'Premium',6500),(38,4,'Premium',4500),(38,5,'Premium',6500),(38,6,'Premium',4500),(38,7,'Premium',5000),(38,8,'Premium',5000),(38,9,'Premium',4000),(38,10,'Premium',5000),(39,1,'Premium',5000),(39,2,'Premium',7500),(39,3,'Premium',6500),(39,4,'Premium',4500),(39,5,'Premium',6500),(39,6,'Premium',4500),(39,7,'Premium',5000),(39,8,'Premium',5000),(39,9,'Premium',4000),(39,10,'Premium',5000),(40,1,'Premium',5000),(40,2,'Premium',7500),(40,3,'Premium',6500),(40,4,'Premium',4500),(40,5,'Premium',6500),(40,6,'Premium',4500),(40,7,'Premium',5000),(40,8,'Premium',5000),(40,9,'Premium',4000),(40,10,'Premium',5000),(41,1,'Premium',5000),(41,2,'Premium',7500),(41,3,'Premium',6500),(41,4,'Premium',4500),(41,5,'Premium',6500),(41,6,'Premium',4500),(41,7,'Premium',5000),(41,8,'Premium',5000),(41,9,'Premium',4000),(41,10,'Premium',5000),(42,1,'Premium',5000),(42,2,'Premium',7500),(42,3,'Premium',6500),(42,4,'Premium',4500),(42,5,'Premium',6500),(42,6,'Premium',4500),(42,7,'Premium',5000),(42,8,'Premium',5000),(42,9,'Premium',4000),(42,10,'Premium',5000),(43,1,'Premium',5000),(43,2,'Premium',7500),(43,3,'Premium',6500),(43,4,'Premium',4500),(43,5,'Premium',6500),(43,6,'Premium',4500),(43,7,'Premium',5000),(43,8,'Premium',5000),(43,9,'Premium',4000),(43,10,'Premium',5000),(44,1,'Premium',5000),(44,2,'Premium',7500),(44,3,'Premium',6500),(44,4,'Premium',4500),(44,5,'Premium',6500),(44,6,'Premium',4500),(44,7,'Premium',5000),(44,8,'Premium',5000),(44,9,'Premium',4000),(44,10,'Premium',5000),(45,1,'Premium',5000),(45,2,'Premium',7500),(45,3,'Premium',6500),(45,4,'Premium',4500),(45,5,'Premium',6500),(45,6,'Premium',4500),(45,7,'Premium',5000),(45,8,'Premium',5000),(45,9,'Premium',4000),(45,10,'Premium',5000),(46,1,'Normal',1500),(46,2,'Normal',2500),(46,3,'Normal',2500),(46,4,'Normal',1500),(46,5,'Normal',2500),(46,6,'Normal',1500),(46,7,'Normal',1200),(46,8,'Normal',2000),(46,9,'Normal',1250),(46,10,'Normal',1500),(47,1,'Normal',1500),(47,2,'Normal',2500),(47,3,'Normal',2500),(47,4,'Normal',1500),(47,5,'Normal',2500),(47,6,'Normal',1500),(47,7,'Normal',1200),(47,8,'Normal',2000),(47,9,'Normal',1250),(47,10,'Normal',1500),(48,1,'Normal',1500),(48,2,'Normal',2500),(48,3,'Normal',2500),(48,4,'Normal',1500),(48,5,'Normal',2500),(48,6,'Normal',1500),(48,7,'Normal',1200),(48,8,'Normal',2000),(48,9,'Normal',1250),(48,10,'Normal',1500),(49,1,'Normal',1500),(49,2,'Normal',2500),(49,3,'Normal',2500),(49,4,'Normal',1500),(49,5,'Normal',2500),(49,6,'Normal',1500),(49,7,'Normal',1200),(49,8,'Normal',2000),(49,9,'Normal',1250),(49,10,'Normal',1500),(50,1,'Normal',1500),(50,2,'Normal',2500),(50,3,'Normal',2500),(50,4,'Normal',1500),(50,5,'Normal',2500),(50,6,'Normal',1500),(50,7,'Normal',1200),(50,8,'Normal',2000),(50,9,'Normal',1250),(50,10,'Normal',1500),(51,1,'Normal',1500),(51,2,'Normal',2500),(51,3,'Normal',2500),(51,4,'Normal',1500),(51,5,'Normal',2500),(51,6,'Normal',1500),(51,7,'Normal',1200),(51,8,'Normal',2000),(51,9,'Normal',1250),(51,10,'Normal',1500),(52,1,'Normal',1500),(52,2,'Normal',2500),(52,3,'Normal',2500),(52,4,'Normal',1500),(52,5,'Normal',2500),(52,6,'Normal',1500),(52,7,'Normal',1200),(52,8,'Normal',2000),(52,9,'Normal',1250),(52,10,'Normal',1500),(53,1,'Normal',1500),(53,2,'Normal',2500),(53,3,'Normal',2500),(53,4,'Normal',1500),(53,5,'Normal',2500),(53,6,'Normal',1500),(53,7,'Normal',1200),(53,8,'Normal',2000),(53,9,'Normal',1250),(53,10,'Normal',1500),(54,1,'Normal',1500),(54,2,'Normal',2500),(54,3,'Normal',2500),(54,4,'Normal',1500),(54,5,'Normal',2500),(54,6,'Normal',1500),(54,7,'Normal',1200),(54,8,'Normal',2000),(54,9,'Normal',1250),(54,10,'Normal',1500),(55,1,'Normal',1500),(55,2,'Normal',2500),(55,3,'Normal',2500),(55,4,'Normal',1500),(55,5,'Normal',2500),(55,6,'Normal',1500),(55,7,'Normal',1200),(55,8,'Normal',2000),(55,9,'Normal',1250),(55,10,'Normal',1500),(56,1,'Normal',1500),(56,2,'Normal',2500),(56,3,'Normal',2500),(56,4,'Normal',1500),(56,5,'Normal',2500),(56,6,'Normal',1500),(56,7,'Normal',1200),(56,8,'Normal',2000),(56,9,'Normal',1250),(56,10,'Normal',1500),(57,1,'Normal',1500),(57,2,'Normal',2500),(57,3,'Normal',2500),(57,4,'Normal',1500),(57,5,'Normal',2500),(57,6,'Normal',1500),(57,7,'Normal',1200),(57,8,'Normal',2000),(57,9,'Normal',1250),(57,10,'Normal',1500),(58,1,'Normal',1500),(58,2,'Normal',2500),(58,3,'Normal',2500),(58,4,'Normal',1500),(58,5,'Normal',2500),(58,6,'Normal',1500),(58,7,'Normal',1200),(58,8,'Normal',2000),(58,9,'Normal',1250),(58,10,'Normal',1500),(59,1,'Normal',1500),(59,2,'Normal',2500),(59,3,'Normal',2500),(59,4,'Normal',1500),(59,5,'Normal',2500),(59,6,'Normal',1500),(59,7,'Normal',1200),(59,8,'Normal',2000),(59,9,'Normal',1250),(59,10,'Normal',1500),(60,1,'Normal',1500),(60,2,'Normal',2500),(60,3,'Normal',2500),(60,4,'Normal',1500),(60,5,'Normal',2500),(60,6,'Normal',1500),(60,7,'Normal',1200),(60,8,'Normal',2000),(60,9,'Normal',1250),(60,10,'Normal',1500),(61,1,'Normal',1500),(61,2,'Normal',2500),(61,3,'Normal',2500),(61,4,'Normal',1500),(61,5,'Normal',2500),(61,6,'Normal',1500),(61,7,'Normal',1200),(61,8,'Normal',2000),(61,9,'Normal',1250),(61,10,'Normal',1500),(62,1,'Normal',1500),(62,2,'Normal',2500),(62,3,'Normal',2500),(62,4,'Normal',1500),(62,5,'Normal',2500),(62,6,'Normal',1500),(62,7,'Normal',1200),(62,8,'Normal',2000),(62,9,'Normal',1250),(62,10,'Normal',1500),(63,1,'Normal',1500),(63,2,'Normal',2500),(63,3,'Normal',2500),(63,4,'Normal',1500),(63,5,'Normal',2500),(63,6,'Normal',1500),(63,7,'Normal',1200),(63,8,'Normal',2000),(63,9,'Normal',1250),(63,10,'Normal',1500),(64,1,'Normal',1500),(64,2,'Normal',2500),(64,3,'Normal',2500),(64,4,'Normal',1500),(64,5,'Normal',2500),(64,6,'Normal',1500),(64,7,'Normal',1200),(64,8,'Normal',2000),(64,9,'Normal',1250),(64,10,'Normal',1500),(65,1,'Normal',1500),(65,2,'Normal',2500),(65,3,'Normal',2500),(65,4,'Normal',1500),(65,5,'Normal',2500),(65,6,'Normal',1500),(65,7,'Normal',1200),(65,8,'Normal',2000),(65,9,'Normal',1250),(65,10,'Normal',1500),(66,1,'Normal',1500),(66,2,'Normal',2500),(66,3,'Normal',2500),(66,4,'Normal',1500),(66,5,'Normal',2500),(66,6,'Normal',1500),(66,7,'Normal',1200),(66,8,'Normal',2000),(66,9,'Normal',1250),(66,10,'Normal',1500),(67,1,'Normal',1500),(67,2,'Normal',2500),(67,3,'Normal',2500),(67,4,'Normal',1500),(67,5,'Normal',2500),(67,6,'Normal',1500),(67,7,'Normal',1200),(67,8,'Normal',2000),(67,9,'Normal',1250),(67,10,'Normal',1500),(68,1,'Normal',1500),(68,2,'Normal',2500),(68,3,'Normal',2500),(68,4,'Normal',1500),(68,5,'Normal',2500),(68,6,'Normal',1500),(68,7,'Normal',1200),(68,8,'Normal',2000),(68,9,'Normal',1250),(68,10,'Normal',1500),(69,1,'Normal',1500),(69,2,'Normal',2500),(69,3,'Normal',2500),(69,4,'Normal',1500),(69,5,'Normal',2500),(69,6,'Normal',1500),(69,7,'Normal',1200),(69,8,'Normal',2000),(69,9,'Normal',1250),(69,10,'Normal',1500),(70,1,'Normal',1500),(70,2,'Normal',2500),(70,3,'Normal',2500),(70,4,'Normal',1500),(70,5,'Normal',2500),(70,6,'Normal',1500),(70,7,'Normal',1200),(70,8,'Normal',2000),(70,9,'Normal',1250),(70,10,'Normal',1500),(71,1,'Normal',1500),(71,2,'Normal',2500),(71,3,'Normal',2500),(71,4,'Normal',1500),(71,5,'Normal',2500),(71,6,'Normal',1500),(71,7,'Normal',1200),(71,8,'Normal',2000),(71,9,'Normal',1250),(71,10,'Normal',1500),(72,1,'Normal',1500),(72,2,'Normal',2500),(72,3,'Normal',2500),(72,4,'Normal',1500),(72,5,'Normal',2500),(72,6,'Normal',1500),(72,7,'Normal',1200),(72,8,'Normal',2000),(72,9,'Normal',1250),(72,10,'Normal',1500),(73,1,'Normal',1500),(73,2,'Normal',2500),(73,3,'Normal',2500),(73,4,'Normal',1500),(73,5,'Normal',2500),(73,6,'Normal',1500),(73,7,'Normal',1200),(73,8,'Normal',2000),(73,9,'Normal',1250),(73,10,'Normal',1500),(74,1,'Normal',1500),(74,2,'Normal',2500),(74,3,'Normal',2500),(74,4,'Normal',1500),(74,5,'Normal',2500),(74,6,'Normal',1500),(74,7,'Normal',1200),(74,8,'Normal',2000),(74,9,'Normal',1250),(74,10,'Normal',1500),(75,1,'Normal',1500),(75,2,'Normal',2500),(75,3,'Normal',2500),(75,4,'Normal',1500),(75,5,'Normal',2500),(75,6,'Normal',1500),(75,7,'Normal',1200),(75,8,'Normal',2000),(75,9,'Normal',1250),(75,10,'Normal',1500),(76,1,'Normal',1500),(76,2,'Normal',2500),(76,3,'Normal',2500),(76,4,'Normal',1500),(76,5,'Normal',2500),(76,6,'Normal',1500),(76,7,'Normal',1200),(76,8,'Normal',2000),(76,9,'Normal',1250),(76,10,'Normal',1500),(77,1,'Normal',1500),(77,2,'Normal',2500),(77,3,'Normal',2500),(77,4,'Normal',1500),(77,5,'Normal',2500),(77,6,'Normal',1500),(77,7,'Normal',1200),(77,8,'Normal',2000),(77,9,'Normal',1250),(77,10,'Normal',1500),(78,1,'Normal',1500),(78,2,'Normal',2500),(78,3,'Normal',2500),(78,4,'Normal',1500),(78,5,'Normal',2500),(78,6,'Normal',1500),(78,7,'Normal',1200),(78,8,'Normal',2000),(78,9,'Normal',1250),(78,10,'Normal',1500),(79,1,'Normal',1500),(79,2,'Normal',2500),(79,3,'Normal',2500),(79,4,'Normal',1500),(79,5,'Normal',2500),(79,6,'Normal',1500),(79,7,'Normal',1200),(79,8,'Normal',2000),(79,9,'Normal',1250),(79,10,'Normal',1500),(80,1,'Normal',1500),(80,2,'Normal',2500),(80,3,'Normal',2500),(80,4,'Normal',1500),(80,5,'Normal',2500),(80,6,'Normal',1500),(80,7,'Normal',1200),(80,8,'Normal',2000),(80,9,'Normal',1250),(80,10,'Normal',1500),(81,1,'Normal',1500),(81,2,'Normal',2500),(81,3,'Normal',2500),(81,4,'Normal',1500),(81,5,'Normal',2500),(81,6,'Normal',1500),(81,7,'Normal',1200),(81,8,'Normal',2000),(81,9,'Normal',1250),(81,10,'Normal',1500),(82,1,'Normal',1500),(82,2,'Normal',2500),(82,3,'Normal',2500),(82,4,'Normal',1500),(82,5,'Normal',2500),(82,6,'Normal',1500),(82,7,'Normal',1200),(82,8,'Normal',2000),(82,9,'Normal',1250),(82,10,'Normal',1500),(83,1,'Normal',1500),(83,2,'Normal',2500),(83,3,'Normal',2500),(83,4,'Normal',1500),(83,5,'Normal',2500),(83,6,'Normal',1500),(83,7,'Normal',1200),(83,8,'Normal',2000),(83,9,'Normal',1250),(83,10,'Normal',1500),(84,1,'Normal',1500),(84,2,'Normal',2500),(84,3,'Normal',2500),(84,4,'Normal',1500),(84,5,'Normal',2500),(84,6,'Normal',1500),(84,7,'Normal',1200),(84,8,'Normal',2000),(84,9,'Normal',1250),(84,10,'Normal',1500),(85,1,'Normal',1500),(85,2,'Normal',2500),(85,3,'Normal',2500),(85,4,'Normal',1500),(85,5,'Normal',2500),(85,6,'Normal',1500),(85,7,'Normal',1200),(85,8,'Normal',2000),(85,9,'Normal',1250),(85,10,'Normal',1500),(86,1,'Normal',1500),(86,2,'Normal',2500),(86,3,'Normal',2500),(86,4,'Normal',1500),(86,5,'Normal',2500),(86,6,'Normal',1500),(86,7,'Normal',1200),(86,8,'Normal',2000),(86,9,'Normal',1250),(86,10,'Normal',1500),(87,1,'Normal',1500),(87,2,'Normal',2500),(87,3,'Normal',2500),(87,4,'Normal',1500),(87,5,'Normal',2500),(87,6,'Normal',1500),(87,7,'Normal',1200),(87,8,'Normal',2000),(87,9,'Normal',1250),(87,10,'Normal',1500),(88,1,'Normal',1500),(88,2,'Normal',2500),(88,3,'Normal',2500),(88,4,'Normal',1500),(88,5,'Normal',2500),(88,6,'Normal',1500),(88,7,'Normal',1200),(88,8,'Normal',2000),(88,9,'Normal',1250),(88,10,'Normal',1500),(89,1,'Normal',1500),(89,2,'Normal',2500),(89,3,'Normal',2500),(89,4,'Normal',1500),(89,5,'Normal',2500),(89,6,'Normal',1500),(89,7,'Normal',1200),(89,8,'Normal',2000),(89,9,'Normal',1250),(89,10,'Normal',1500),(90,1,'Normal',1500),(90,2,'Normal',2500),(90,3,'Normal',2500),(90,4,'Normal',1500),(90,5,'Normal',2500),(90,6,'Normal',1500),(90,7,'Normal',1200),(90,8,'Normal',2000),(90,9,'Normal',1250),(90,10,'Normal',1500),(91,1,'Normal',1500),(91,2,'Normal',2500),(91,3,'Normal',2500),(91,4,'Normal',1500),(91,5,'Normal',2500),(91,6,'Normal',1500),(91,7,'Normal',1200),(91,8,'Normal',2000),(91,9,'Normal',1250),(91,10,'Normal',1500),(92,1,'Normal',1500),(92,2,'Normal',2500),(92,3,'Normal',2500),(92,4,'Normal',1500),(92,5,'Normal',2500),(92,6,'Normal',1500),(92,7,'Normal',1200),(92,8,'Normal',2000),(92,9,'Normal',1250),(92,10,'Normal',1500),(93,1,'Normal',1500),(93,2,'Normal',2500),(93,3,'Normal',2500),(93,4,'Normal',1500),(93,5,'Normal',2500),(93,6,'Normal',1500),(93,7,'Normal',1200),(93,8,'Normal',2000),(93,9,'Normal',1250),(93,10,'Normal',1500),(94,1,'Normal',1500),(94,2,'Normal',2500),(94,3,'Normal',2500),(94,4,'Normal',1500),(94,5,'Normal',2500),(94,6,'Normal',1500),(94,7,'Normal',1200),(94,8,'Normal',2000),(94,9,'Normal',1250),(94,10,'Normal',1500),(95,1,'Normal',1500),(95,2,'Normal',2500),(95,3,'Normal',2500),(95,4,'Normal',1500),(95,5,'Normal',2500),(95,6,'Normal',1500),(95,7,'Normal',1200),(95,8,'Normal',2000),(95,9,'Normal',1250),(95,10,'Normal',1500),(96,1,'Normal',1500),(96,2,'Normal',2500),(96,3,'Normal',2500),(96,4,'Normal',1500),(96,5,'Normal',2500),(96,6,'Normal',1500),(96,7,'Normal',1200),(96,8,'Normal',2000),(96,9,'Normal',1250),(96,10,'Normal',1500),(97,1,'Normal',1500),(97,2,'Normal',2500),(97,3,'Normal',2500),(97,4,'Normal',1500),(97,5,'Normal',2500),(97,6,'Normal',1500),(97,7,'Normal',1200),(97,8,'Normal',2000),(97,9,'Normal',1250),(97,10,'Normal',1500),(98,1,'Normal',1500),(98,2,'Normal',2500),(98,3,'Normal',2500),(98,4,'Normal',1500),(98,5,'Normal',2500),(98,6,'Normal',1500),(98,7,'Normal',1200),(98,8,'Normal',2000),(98,9,'Normal',1250),(98,10,'Normal',1500),(99,1,'Normal',1500),(99,2,'Normal',2500),(99,3,'Normal',2500),(99,4,'Normal',1500),(99,5,'Normal',2500),(99,6,'Normal',1500),(99,7,'Normal',1200),(99,8,'Normal',2000),(99,9,'Normal',1250),(99,10,'Normal',1500),(100,1,'Normal',1500),(100,2,'Normal',2500),(100,3,'Normal',2500),(100,4,'Normal',1500),(100,5,'Normal',2500),(100,6,'Normal',1500),(100,7,'Normal',1200),(100,8,'Normal',2000),(100,9,'Normal',1250),(100,10,'Normal',1500),(101,1,'Normal',1500),(101,2,'Normal',2500),(101,3,'Normal',2500),(101,4,'Normal',1500),(101,5,'Normal',2500),(101,6,'Normal',1500),(101,7,'Normal',1200),(101,8,'Normal',2000),(101,9,'Normal',1250),(101,10,'Normal',1500),(102,1,'Normal',1500),(102,2,'Normal',2500),(102,3,'Normal',2500),(102,4,'Normal',1500),(102,5,'Normal',2500),(102,6,'Normal',1500),(102,7,'Normal',1200),(102,8,'Normal',2000),(102,9,'Normal',1250),(102,10,'Normal',1500),(103,1,'Normal',1500),(103,2,'Normal',2500),(103,3,'Normal',2500),(103,4,'Normal',1500),(103,5,'Normal',2500),(103,6,'Normal',1500),(103,7,'Normal',1200),(103,8,'Normal',2000),(103,9,'Normal',1250),(103,10,'Normal',1500),(104,1,'Normal',1500),(104,2,'Normal',2500),(104,3,'Normal',2500),(104,4,'Normal',1500),(104,5,'Normal',2500),(104,6,'Normal',1500),(104,7,'Normal',1200),(104,8,'Normal',2000),(104,9,'Normal',1250),(104,10,'Normal',1500),(105,1,'Normal',1500),(105,2,'Normal',2500),(105,3,'Normal',2500),(105,4,'Normal',1500),(105,5,'Normal',2500),(105,6,'Normal',1500),(105,7,'Normal',1200),(105,8,'Normal',2000),(105,9,'Normal',1250),(105,10,'Normal',1500),(106,1,'Normal',1500),(106,2,'Normal',2500),(106,3,'Normal',2500),(106,4,'Normal',1500),(106,5,'Normal',2500),(106,6,'Normal',1500),(106,7,'Normal',1200),(106,8,'Normal',2000),(106,9,'Normal',1250),(106,10,'Normal',1500),(107,1,'Normal',1500),(107,2,'Normal',2500),(107,3,'Normal',2500),(107,4,'Normal',1500),(107,5,'Normal',2500),(107,6,'Normal',1500),(107,7,'Normal',1200),(107,8,'Normal',2000),(107,9,'Normal',1250),(107,10,'Normal',1500),(108,1,'Normal',1500),(108,2,'Normal',2500),(108,3,'Normal',2500),(108,4,'Normal',1500),(108,5,'Normal',2500),(108,6,'Normal',1500),(108,7,'Normal',1200),(108,8,'Normal',2000),(108,9,'Normal',1250),(108,10,'Normal',1500),(109,1,'Normal',1500),(109,2,'Normal',2500),(109,3,'Normal',2500),(109,4,'Normal',1500),(109,5,'Normal',2500),(109,6,'Normal',1500),(109,7,'Normal',1200),(109,8,'Normal',2000),(109,9,'Normal',1250),(109,10,'Normal',1500),(110,1,'Normal',1500),(110,2,'Normal',2500),(110,3,'Normal',2500),(110,4,'Normal',1500),(110,5,'Normal',2500),(110,6,'Normal',1500),(110,7,'Normal',1200),(110,8,'Normal',2000),(110,9,'Normal',1250),(110,10,'Normal',1500),(111,1,'Normal',1500),(111,2,'Normal',2500),(111,3,'Normal',2500),(111,4,'Normal',1500),(111,5,'Normal',2500),(111,6,'Normal',1500),(111,7,'Normal',1200),(111,8,'Normal',2000),(111,9,'Normal',1250),(111,10,'Normal',1500),(112,1,'Normal',1500),(112,2,'Normal',2500),(112,3,'Normal',2500),(112,4,'Normal',1500),(112,5,'Normal',2500),(112,6,'Normal',1500),(112,7,'Normal',1200),(112,8,'Normal',2000),(112,9,'Normal',1250),(112,10,'Normal',1500),(113,1,'Normal',1500),(113,2,'Normal',2500),(113,3,'Normal',2500),(113,4,'Normal',1500),(113,5,'Normal',2500),(113,6,'Normal',1500),(113,7,'Normal',1200),(113,8,'Normal',2000),(113,9,'Normal',1250),(113,10,'Normal',1500),(114,1,'Normal',1500),(114,2,'Normal',2500),(114,3,'Normal',2500),(114,4,'Normal',1500),(114,5,'Normal',2500),(114,6,'Normal',1500),(114,7,'Normal',1200),(114,8,'Normal',2000),(114,9,'Normal',1250),(114,10,'Normal',1500),(115,1,'Normal',1500),(115,2,'Normal',2500),(115,3,'Normal',2500),(115,4,'Normal',1500),(115,5,'Normal',2500),(115,6,'Normal',1500),(115,7,'Normal',1200),(115,8,'Normal',2000),(115,9,'Normal',1250),(115,10,'Normal',1500),(116,1,'Normal',1500),(116,2,'Normal',2500),(116,3,'Normal',2500),(116,4,'Normal',1500),(116,5,'Normal',2500),(116,6,'Normal',1500),(116,7,'Normal',1200),(116,8,'Normal',2000),(116,9,'Normal',1250),(116,10,'Normal',1500),(117,1,'Normal',1500),(117,2,'Normal',2500),(117,3,'Normal',2500),(117,4,'Normal',1500),(117,5,'Normal',2500),(117,6,'Normal',1500),(117,7,'Normal',1200),(117,8,'Normal',2000),(117,9,'Normal',1250),(117,10,'Normal',1500),(118,1,'Normal',1500),(118,2,'Normal',2500),(118,3,'Normal',2500),(118,4,'Normal',1500),(118,5,'Normal',2500),(118,6,'Normal',1500),(118,7,'Normal',1200),(118,8,'Normal',2000),(118,9,'Normal',1250),(118,10,'Normal',1500),(119,1,'Normal',1500),(119,2,'Normal',2500),(119,3,'Normal',2500),(119,4,'Normal',1500),(119,5,'Normal',2500),(119,6,'Normal',1500),(119,7,'Normal',1200),(119,8,'Normal',2000),(119,9,'Normal',1250),(119,10,'Normal',1500),(120,1,'Normal',1500),(120,2,'Normal',2500),(120,3,'Normal',2500),(120,4,'Normal',1500),(120,5,'Normal',2500),(120,6,'Normal',1500),(120,7,'Normal',1200),(120,8,'Normal',2000),(120,9,'Normal',1250),(120,10,'Normal',1500),(121,1,'Normal',1500),(121,2,'Normal',2500),(121,3,'Normal',2500),(121,4,'Normal',1500),(121,5,'Normal',2500),(121,6,'Normal',1500),(121,7,'Normal',1200),(121,8,'Normal',2000),(121,9,'Normal',1250),(121,10,'Normal',1500),(122,1,'Normal',1500),(122,2,'Normal',2500),(122,3,'Normal',2500),(122,4,'Normal',1500),(122,5,'Normal',2500),(122,6,'Normal',1500),(122,7,'Normal',1200),(122,8,'Normal',2000),(122,9,'Normal',1250),(122,10,'Normal',1500),(123,1,'Normal',1500),(123,2,'Normal',2500),(123,3,'Normal',2500),(123,4,'Normal',1500),(123,5,'Normal',2500),(123,6,'Normal',1500),(123,7,'Normal',1200),(123,8,'Normal',2000),(123,9,'Normal',1250),(123,10,'Normal',1500),(124,1,'Normal',1500),(124,2,'Normal',2500),(124,3,'Normal',2500),(124,4,'Normal',1500),(124,5,'Normal',2500),(124,6,'Normal',1500),(124,7,'Normal',1200),(124,8,'Normal',2000),(124,9,'Normal',1250),(124,10,'Normal',1500),(125,1,'Normal',1500),(125,2,'Normal',2500),(125,3,'Normal',2500),(125,4,'Normal',1500),(125,5,'Normal',2500),(125,6,'Normal',1500),(125,7,'Normal',1200),(125,8,'Normal',2000),(125,9,'Normal',1250),(125,10,'Normal',1500),(126,1,'Normal',1500),(126,2,'Normal',2500),(126,3,'Normal',2500),(126,4,'Normal',1500),(126,5,'Normal',2500),(126,6,'Normal',1500),(126,7,'Normal',1200),(126,8,'Normal',2000),(126,9,'Normal',1250),(126,10,'Normal',1500),(127,1,'Normal',1500),(127,2,'Normal',2500),(127,3,'Normal',2500),(127,4,'Normal',1500),(127,5,'Normal',2500),(127,6,'Normal',1500),(127,7,'Normal',1200),(127,8,'Normal',2000),(127,9,'Normal',1250),(127,10,'Normal',1500),(128,1,'Normal',1500),(128,2,'Normal',2500),(128,3,'Normal',2500),(128,4,'Normal',1500),(128,5,'Normal',2500),(128,6,'Normal',1500),(128,7,'Normal',1200),(128,8,'Normal',2000),(128,9,'Normal',1250),(128,10,'Normal',1500),(129,1,'Normal',1500),(129,2,'Normal',2500),(129,3,'Normal',2500),(129,4,'Normal',1500),(129,5,'Normal',2500),(129,6,'Normal',1500),(129,7,'Normal',1200),(129,8,'Normal',2000),(129,9,'Normal',1250),(129,10,'Normal',1500),(130,1,'Normal',1500),(130,2,'Normal',2500),(130,3,'Normal',2500),(130,4,'Normal',1500),(130,5,'Normal',2500),(130,6,'Normal',1500),(130,7,'Normal',1200),(130,8,'Normal',2000),(130,9,'Normal',1250),(130,10,'Normal',1500),(131,1,'Normal',1500),(131,2,'Normal',2500),(131,3,'Normal',2500),(131,4,'Normal',1500),(131,5,'Normal',2500),(131,6,'Normal',1500),(131,7,'Normal',1200),(131,8,'Normal',2000),(131,9,'Normal',1250),(131,10,'Normal',1500),(132,1,'Normal',1500),(132,2,'Normal',2500),(132,3,'Normal',2500),(132,4,'Normal',1500),(132,5,'Normal',2500),(132,6,'Normal',1500),(132,7,'Normal',1200),(132,8,'Normal',2000),(132,9,'Normal',1250),(132,10,'Normal',1500),(133,1,'Normal',1500),(133,2,'Normal',2500),(133,3,'Normal',2500),(133,4,'Normal',1500),(133,5,'Normal',2500),(133,6,'Normal',1500),(133,7,'Normal',1200),(133,8,'Normal',2000),(133,9,'Normal',1250),(133,10,'Normal',1500),(134,1,'Normal',1500),(134,2,'Normal',2500),(134,3,'Normal',2500),(134,4,'Normal',1500),(134,5,'Normal',2500),(134,6,'Normal',1500),(134,7,'Normal',1200),(134,8,'Normal',2000),(134,9,'Normal',1250),(134,10,'Normal',1500),(135,1,'Normal',1500),(135,2,'Normal',2500),(135,3,'Normal',2500),(135,4,'Normal',1500),(135,5,'Normal',2500),(135,6,'Normal',1500),(135,7,'Normal',1200),(135,8,'Normal',2000),(135,9,'Normal',1250),(135,10,'Normal',1500),(136,1,'Normal',1500),(136,2,'Normal',2500),(136,3,'Normal',2500),(136,4,'Normal',1500),(136,5,'Normal',2500),(136,6,'Normal',1500),(136,7,'Normal',1200),(136,8,'Normal',2000),(136,9,'Normal',1250),(136,10,'Normal',1500),(137,1,'Normal',1500),(137,2,'Normal',2500),(137,3,'Normal',2500),(137,4,'Normal',1500),(137,5,'Normal',2500),(137,6,'Normal',1500),(137,7,'Normal',1200),(137,8,'Normal',2000),(137,9,'Normal',1250),(137,10,'Normal',1500),(138,1,'Normal',1500),(138,2,'Normal',2500),(138,3,'Normal',2500),(138,4,'Normal',1500),(138,5,'Normal',2500),(138,6,'Normal',1500),(138,7,'Normal',1200),(138,8,'Normal',2000),(138,9,'Normal',1250),(138,10,'Normal',1500),(139,1,'Normal',1500),(139,2,'Normal',2500),(139,3,'Normal',2500),(139,4,'Normal',1500),(139,5,'Normal',2500),(139,6,'Normal',1500),(139,7,'Normal',1200),(139,8,'Normal',2000),(139,9,'Normal',1250),(139,10,'Normal',1500),(140,1,'Normal',1500),(140,2,'Normal',2500),(140,3,'Normal',2500),(140,4,'Normal',1500),(140,5,'Normal',2500),(140,6,'Normal',1500),(140,7,'Normal',1200),(140,8,'Normal',2000),(140,9,'Normal',1250),(140,10,'Normal',1500),(141,1,'Normal',1500),(141,2,'Normal',2500),(141,3,'Normal',2500),(141,4,'Normal',1500),(141,5,'Normal',2500),(141,6,'Normal',1500),(141,7,'Normal',1200),(141,8,'Normal',2000),(141,9,'Normal',1250),(141,10,'Normal',1500),(142,1,'Normal',1500),(142,2,'Normal',2500),(142,3,'Normal',2500),(142,4,'Normal',1500),(142,5,'Normal',2500),(142,6,'Normal',1500),(142,7,'Normal',1200),(142,8,'Normal',2000),(142,9,'Normal',1250),(142,10,'Normal',1500),(143,1,'Normal',1500),(143,2,'Normal',2500),(143,3,'Normal',2500),(143,4,'Normal',1500),(143,5,'Normal',2500),(143,6,'Normal',1500),(143,7,'Normal',1200),(143,8,'Normal',2000),(143,9,'Normal',1250),(143,10,'Normal',1500),(144,1,'Normal',1500),(144,2,'Normal',2500),(144,3,'Normal',2500),(144,4,'Normal',1500),(144,5,'Normal',2500),(144,6,'Normal',1500),(144,7,'Normal',1200),(144,8,'Normal',2000),(144,9,'Normal',1250),(144,10,'Normal',1500),(145,1,'Normal',1500),(145,2,'Normal',2500),(145,3,'Normal',2500),(145,4,'Normal',1500),(145,5,'Normal',2500),(145,6,'Normal',1500),(145,7,'Normal',1200),(145,8,'Normal',2000),(145,9,'Normal',1250),(145,10,'Normal',1500),(146,1,'Normal',1500),(146,2,'Normal',2500),(146,3,'Normal',2500),(146,4,'Normal',1500),(146,5,'Normal',2500),(146,6,'Normal',1500),(146,7,'Normal',1200),(146,8,'Normal',2000),(146,9,'Normal',1250),(146,10,'Normal',1500),(147,1,'Normal',1500),(147,2,'Normal',2500),(147,3,'Normal',2500),(147,4,'Normal',1500),(147,5,'Normal',2500),(147,6,'Normal',1500),(147,7,'Normal',1200),(147,8,'Normal',2000),(147,9,'Normal',1250),(147,10,'Normal',1500),(148,1,'Normal',1500),(148,2,'Normal',2500),(148,3,'Normal',2500),(148,4,'Normal',1500),(148,5,'Normal',2500),(148,6,'Normal',1500),(148,7,'Normal',1200),(148,8,'Normal',2000),(148,9,'Normal',1250),(148,10,'Normal',1500),(149,1,'Normal',1500),(149,2,'Normal',2500),(149,3,'Normal',2500),(149,4,'Normal',1500),(149,5,'Normal',2500),(149,6,'Normal',1500),(149,7,'Normal',1200),(149,8,'Normal',2000),(149,9,'Normal',1250),(149,10,'Normal',1500),(150,1,'Normal',1500),(150,2,'Normal',2500),(150,3,'Normal',2500),(150,4,'Normal',1500),(150,5,'Normal',2500),(150,6,'Normal',1500),(150,7,'Normal',1200),(150,8,'Normal',2000),(150,9,'Normal',1250),(150,10,'Normal',1500),(151,1,'Premium',5000),(151,2,'Premium',7500),(151,3,'Premium',6500),(151,4,'Premium',4500),(151,5,'Premium',6500),(151,6,'Premium',4500),(151,7,'Premium',5000),(151,8,'Premium',5000),(151,9,'Premium',4000),(151,10,'Premium',5000),(152,1,'Premium',5000),(152,2,'Premium',7500),(152,3,'Premium',6500),(152,4,'Premium',4500),(152,5,'Premium',6500),(152,6,'Premium',4500),(152,7,'Premium',5000),(152,8,'Premium',5000),(152,9,'Premium',4000),(152,10,'Premium',5000),(153,1,'Premium',5000),(153,2,'Premium',7500),(153,3,'Premium',6500),(153,4,'Premium',4500),(153,5,'Premium',6500),(153,6,'Premium',4500),(153,7,'Premium',5000),(153,8,'Premium',5000),(153,9,'Premium',4000),(153,10,'Premium',5000),(154,1,'Premium',5000),(154,2,'Premium',7500),(154,3,'Premium',6500),(154,4,'Premium',4500),(154,5,'Premium',6500),(154,6,'Premium',4500),(154,7,'Premium',5000),(154,8,'Premium',5000),(154,9,'Premium',4000),(154,10,'Premium',5000),(155,1,'Premium',5000),(155,2,'Premium',7500),(155,3,'Premium',6500),(155,4,'Premium',4500),(155,5,'Premium',6500),(155,6,'Premium',4500),(155,7,'Premium',5000),(155,8,'Premium',5000),(155,9,'Premium',4000),(155,10,'Premium',5000),(156,1,'Premium',5000),(156,2,'Premium',7500),(156,3,'Premium',6500),(156,4,'Premium',4500),(156,5,'Premium',6500),(156,6,'Premium',4500),(156,7,'Premium',5000),(156,8,'Premium',5000),(156,9,'Premium',4000),(156,10,'Premium',5000),(157,1,'Premium',5000),(157,2,'Premium',7500),(157,3,'Premium',6500),(157,4,'Premium',4500),(157,5,'Premium',6500),(157,6,'Premium',4500),(157,7,'Premium',5000),(157,8,'Premium',5000),(157,9,'Premium',4000),(157,10,'Premium',5000),(158,1,'Premium',5000),(158,2,'Premium',7500),(158,3,'Premium',6500),(158,4,'Premium',4500),(158,5,'Premium',6500),(158,6,'Premium',4500),(158,7,'Premium',5000),(158,8,'Premium',5000),(158,9,'Premium',4000),(158,10,'Premium',5000),(159,1,'Premium',5000),(159,2,'Premium',7500),(159,3,'Premium',6500),(159,4,'Premium',4500),(159,5,'Premium',6500),(159,6,'Premium',4500),(159,7,'Premium',5000),(159,8,'Premium',5000),(159,9,'Premium',4000),(159,10,'Premium',5000),(160,1,'Premium',5000),(160,2,'Premium',7500),(160,3,'Premium',6500),(160,4,'Premium',4500),(160,5,'Premium',6500),(160,6,'Premium',4500),(160,7,'Premium',5000),(160,8,'Premium',5000),(160,9,'Premium',4000),(160,10,'Premium',5000),(161,1,'Premium',5000),(161,2,'Premium',7500),(161,3,'Premium',6500),(161,4,'Premium',4500),(161,5,'Premium',6500),(161,6,'Premium',4500),(161,7,'Premium',5000),(161,8,'Premium',5000),(161,9,'Premium',4000),(161,10,'Premium',5000),(162,1,'Premium',5000),(162,2,'Premium',7500),(162,3,'Premium',6500),(162,4,'Premium',4500),(162,5,'Premium',6500),(162,6,'Premium',4500),(162,7,'Premium',5000),(162,8,'Premium',5000),(162,9,'Premium',4000),(162,10,'Premium',5000),(163,1,'Premium',5000),(163,2,'Premium',7500),(163,3,'Premium',6500),(163,4,'Premium',4500),(163,5,'Premium',6500),(163,6,'Premium',4500),(163,7,'Premium',5000),(163,8,'Premium',5000),(163,9,'Premium',4000),(163,10,'Premium',5000),(164,1,'Premium',5000),(164,2,'Premium',7500),(164,3,'Premium',6500),(164,4,'Premium',4500),(164,5,'Premium',6500),(164,6,'Premium',4500),(164,7,'Premium',5000),(164,8,'Premium',5000),(164,9,'Premium',4000),(164,10,'Premium',5000),(165,1,'Premium',5000),(165,2,'Premium',7500),(165,3,'Premium',6500),(165,4,'Premium',4500),(165,5,'Premium',6500),(165,6,'Premium',4500),(165,7,'Premium',5000),(165,8,'Premium',5000),(165,9,'Premium',4000),(165,10,'Premium',5000),(166,1,'Premium',5000),(166,2,'Premium',7500),(166,3,'Premium',6500),(166,4,'Premium',4500),(166,5,'Premium',6500),(166,6,'Premium',4500),(166,7,'Premium',5000),(166,8,'Premium',5000),(166,9,'Premium',4000),(166,10,'Premium',5000),(167,1,'Premium',5000),(167,2,'Premium',7500),(167,3,'Premium',6500),(167,4,'Premium',4500),(167,5,'Premium',6500),(167,6,'Premium',4500),(167,7,'Premium',5000),(167,8,'Premium',5000),(167,9,'Premium',4000),(167,10,'Premium',5000),(168,1,'Premium',5000),(168,2,'Premium',7500),(168,3,'Premium',6500),(168,4,'Premium',4500),(168,5,'Premium',6500),(168,6,'Premium',4500),(168,7,'Premium',5000),(168,8,'Premium',5000),(168,9,'Premium',4000),(168,10,'Premium',5000),(169,1,'Premium',5000),(169,2,'Premium',7500),(169,3,'Premium',6500),(169,4,'Premium',4500),(169,5,'Premium',6500),(169,6,'Premium',4500),(169,7,'Premium',5000),(169,8,'Premium',5000),(169,9,'Premium',4000),(169,10,'Premium',5000),(170,1,'Premium',5000),(170,2,'Premium',7500),(170,3,'Premium',6500),(170,4,'Premium',4500),(170,5,'Premium',6500),(170,6,'Premium',4500),(170,7,'Premium',5000),(170,8,'Premium',5000),(170,9,'Premium',4000),(170,10,'Premium',5000),(171,1,'Premium',5000),(171,2,'Premium',7500),(171,3,'Premium',6500),(171,4,'Premium',4500),(171,5,'Premium',6500),(171,6,'Premium',4500),(171,7,'Premium',5000),(171,8,'Premium',5000),(171,9,'Premium',4000),(171,10,'Premium',5000),(172,1,'Premium',5000),(172,2,'Premium',7500),(172,3,'Premium',6500),(172,4,'Premium',4500),(172,5,'Premium',6500),(172,6,'Premium',4500),(172,7,'Premium',5000),(172,8,'Premium',5000),(172,9,'Premium',4000),(172,10,'Premium',5000),(173,1,'Premium',5000),(173,2,'Premium',7500),(173,3,'Premium',6500),(173,4,'Premium',4500),(173,5,'Premium',6500),(173,6,'Premium',4500),(173,7,'Premium',5000),(173,8,'Premium',5000),(173,9,'Premium',4000),(173,10,'Premium',5000),(174,1,'Premium',5000),(174,2,'Premium',7500),(174,3,'Premium',6500),(174,4,'Premium',4500),(174,5,'Premium',6500),(174,6,'Premium',4500),(174,7,'Premium',5000),(174,8,'Premium',5000),(174,9,'Premium',4000),(174,10,'Premium',5000),(175,1,'Premium',5000),(175,2,'Premium',7500),(175,3,'Premium',6500),(175,4,'Premium',4500),(175,5,'Premium',6500),(175,6,'Premium',4500),(175,7,'Premium',5000),(175,8,'Premium',5000),(175,9,'Premium',4000),(175,10,'Premium',5000),(176,1,'Premium',5000),(176,2,'Premium',7500),(176,3,'Premium',6500),(176,4,'Premium',4500),(176,5,'Premium',6500),(176,6,'Premium',4500),(176,7,'Premium',5000),(176,8,'Premium',5000),(176,9,'Premium',4000),(176,10,'Premium',5000),(177,1,'Premium',5000),(177,2,'Premium',7500),(177,3,'Premium',6500),(177,4,'Premium',4500),(177,5,'Premium',6500),(177,6,'Premium',4500),(177,7,'Premium',5000),(177,8,'Premium',5000),(177,9,'Premium',4000),(177,10,'Premium',5000),(178,1,'Premium',5000),(178,2,'Premium',7500),(178,3,'Premium',6500),(178,4,'Premium',4500),(178,5,'Premium',6500),(178,6,'Premium',4500),(178,7,'Premium',5000),(178,8,'Premium',5000),(178,9,'Premium',4000),(178,10,'Premium',5000),(179,1,'Premium',5000),(179,2,'Premium',7500),(179,3,'Premium',6500),(179,4,'Premium',4500),(179,5,'Premium',6500),(179,6,'Premium',4500),(179,7,'Premium',5000),(179,8,'Premium',5000),(179,9,'Premium',4000),(179,10,'Premium',5000),(180,1,'Premium',5000),(180,2,'Premium',7500),(180,3,'Premium',6500),(180,4,'Premium',4500),(180,5,'Premium',6500),(180,6,'Premium',4500),(180,7,'Premium',5000),(180,8,'Premium',5000),(180,9,'Premium',4000),(180,10,'Premium',5000),(181,1,'Premium',5000),(181,2,'Premium',7500),(181,3,'Premium',6500),(181,4,'Premium',4500),(181,5,'Premium',6500),(181,6,'Premium',4500),(181,7,'Premium',5000),(181,8,'Premium',5000),(181,9,'Premium',4000),(181,10,'Premium',5000),(182,1,'Premium',5000),(182,2,'Premium',7500),(182,3,'Premium',6500),(182,4,'Premium',4500),(182,5,'Premium',6500),(182,6,'Premium',4500),(182,7,'Premium',5000),(182,8,'Premium',5000),(182,9,'Premium',4000),(182,10,'Premium',5000),(183,1,'Premium',5000),(183,2,'Premium',7500),(183,3,'Premium',6500),(183,4,'Premium',4500),(183,5,'Premium',6500),(183,6,'Premium',4500),(183,7,'Premium',5000),(183,8,'Premium',5000),(183,9,'Premium',4000),(183,10,'Premium',5000),(184,1,'Premium',5000),(184,2,'Premium',7500),(184,3,'Premium',6500),(184,4,'Premium',4500),(184,5,'Premium',6500),(184,6,'Premium',4500),(184,7,'Premium',5000),(184,8,'Premium',5000),(184,9,'Premium',4000),(184,10,'Premium',5000),(185,1,'Premium',5000),(185,2,'Premium',7500),(185,3,'Premium',6500),(185,4,'Premium',4500),(185,5,'Premium',6500),(185,6,'Premium',4500),(185,7,'Premium',5000),(185,8,'Premium',5000),(185,9,'Premium',4000),(185,10,'Premium',5000),(186,1,'Premium',5000),(186,2,'Premium',7500),(186,3,'Premium',6500),(186,4,'Premium',4500),(186,5,'Premium',6500),(186,6,'Premium',4500),(186,7,'Premium',5000),(186,8,'Premium',5000),(186,9,'Premium',4000),(186,10,'Premium',5000),(187,1,'Premium',5000),(187,2,'Premium',7500),(187,3,'Premium',6500),(187,4,'Premium',4500),(187,5,'Premium',6500),(187,6,'Premium',4500),(187,7,'Premium',5000),(187,8,'Premium',5000),(187,9,'Premium',4000),(187,10,'Premium',5000),(188,1,'Premium',5000),(188,2,'Premium',7500),(188,3,'Premium',6500),(188,4,'Premium',4500),(188,5,'Premium',6500),(188,6,'Premium',4500),(188,7,'Premium',5000),(188,8,'Premium',5000),(188,9,'Premium',4000),(188,10,'Premium',5000),(189,1,'Premium',5000),(189,2,'Premium',7500),(189,3,'Premium',6500),(189,4,'Premium',4500),(189,5,'Premium',6500),(189,6,'Premium',4500),(189,7,'Premium',5000),(189,8,'Premium',5000),(189,9,'Premium',4000),(189,10,'Premium',5000),(190,1,'Premium',5000),(190,2,'Premium',7500),(190,3,'Premium',6500),(190,4,'Premium',4500),(190,5,'Premium',6500),(190,6,'Premium',4500),(190,7,'Premium',5000),(190,8,'Premium',5000),(190,9,'Premium',4000),(190,10,'Premium',5000),(191,1,'Premium',5000),(191,2,'Premium',7500),(191,3,'Premium',6500),(191,4,'Premium',4500),(191,5,'Premium',6500),(191,6,'Premium',4500),(191,7,'Premium',5000),(191,8,'Premium',5000),(191,9,'Premium',4000),(191,10,'Premium',5000),(192,1,'Premium',5000),(192,2,'Premium',7500),(192,3,'Premium',6500),(192,4,'Premium',4500),(192,5,'Premium',6500),(192,6,'Premium',4500),(192,7,'Premium',5000),(192,8,'Premium',5000),(192,9,'Premium',4000),(192,10,'Premium',5000),(193,1,'Premium',5000),(193,2,'Premium',7500),(193,3,'Premium',6500),(193,4,'Premium',4500),(193,5,'Premium',6500),(193,6,'Premium',4500),(193,7,'Premium',5000),(193,8,'Premium',5000),(193,9,'Premium',4000),(193,10,'Premium',5000),(194,1,'Premium',5000),(194,2,'Premium',7500),(194,3,'Premium',6500),(194,4,'Premium',4500),(194,5,'Premium',6500),(194,6,'Premium',4500),(194,7,'Premium',5000),(194,8,'Premium',5000),(194,9,'Premium',4000),(194,10,'Premium',5000),(195,1,'Premium',5000),(195,2,'Premium',7500),(195,3,'Premium',6500),(195,4,'Premium',4500),(195,5,'Premium',6500),(195,6,'Premium',4500),(195,7,'Premium',5000),(195,8,'Premium',5000),(195,9,'Premium',4000),(195,10,'Premium',5000),(196,1,'Normal',1500),(196,2,'Normal',2500),(196,3,'Normal',2500),(196,4,'Normal',1500),(196,5,'Normal',2500),(196,6,'Normal',1500),(196,7,'Normal',1200),(196,8,'Normal',2000),(196,9,'Normal',1250),(196,10,'Normal',1500),(197,1,'Normal',1500),(197,2,'Normal',2500),(197,3,'Normal',2500),(197,4,'Normal',1500),(197,5,'Normal',2500),(197,6,'Normal',1500),(197,7,'Normal',1200),(197,8,'Normal',2000),(197,9,'Normal',1250),(197,10,'Normal',1500),(198,1,'Normal',1500),(198,2,'Normal',2500),(198,3,'Normal',2500),(198,4,'Normal',1500),(198,5,'Normal',2500),(198,6,'Normal',1500),(198,7,'Normal',1200),(198,8,'Normal',2000),(198,9,'Normal',1250),(198,10,'Normal',1500),(199,1,'Normal',1500),(199,2,'Normal',2500),(199,3,'Normal',2500),(199,4,'Normal',1500),(199,5,'Normal',2500),(199,6,'Normal',1500),(199,7,'Normal',1200),(199,8,'Normal',2000),(199,9,'Normal',1250),(199,10,'Normal',1500),(200,1,'Normal',1500),(200,2,'Normal',2500),(200,3,'Normal',2500),(200,4,'Normal',1500),(200,5,'Normal',2500),(200,6,'Normal',1500),(200,7,'Normal',1200),(200,8,'Normal',2000),(200,9,'Normal',1250),(200,10,'Normal',1500),(201,1,'Normal',1500),(201,2,'Normal',2500),(201,3,'Normal',2500),(201,4,'Normal',1500),(201,5,'Normal',2500),(201,6,'Normal',1500),(201,7,'Normal',1200),(201,8,'Normal',2000),(201,9,'Normal',1250),(201,10,'Normal',1500),(202,1,'Normal',1500),(202,2,'Normal',2500),(202,3,'Normal',2500),(202,4,'Normal',1500),(202,5,'Normal',2500),(202,6,'Normal',1500),(202,7,'Normal',1200),(202,8,'Normal',2000),(202,9,'Normal',1250),(202,10,'Normal',1500),(203,1,'Normal',1500),(203,2,'Normal',2500),(203,3,'Normal',2500),(203,4,'Normal',1500),(203,5,'Normal',2500),(203,6,'Normal',1500),(203,7,'Normal',1200),(203,8,'Normal',2000),(203,9,'Normal',1250),(203,10,'Normal',1500),(204,1,'Normal',1500),(204,2,'Normal',2500),(204,3,'Normal',2500),(204,4,'Normal',1500),(204,5,'Normal',2500),(204,6,'Normal',1500),(204,7,'Normal',1200),(204,8,'Normal',2000),(204,9,'Normal',1250),(204,10,'Normal',1500),(205,1,'Normal',1500),(205,2,'Normal',2500),(205,3,'Normal',2500),(205,4,'Normal',1500),(205,5,'Normal',2500),(205,6,'Normal',1500),(205,7,'Normal',1200),(205,8,'Normal',2000),(205,9,'Normal',1250),(205,10,'Normal',1500),(206,1,'Normal',1500),(206,2,'Normal',2500),(206,3,'Normal',2500),(206,4,'Normal',1500),(206,5,'Normal',2500),(206,6,'Normal',1500),(206,7,'Normal',1200),(206,8,'Normal',2000),(206,9,'Normal',1250),(206,10,'Normal',1500),(207,1,'Normal',1500),(207,2,'Normal',2500),(207,3,'Normal',2500),(207,4,'Normal',1500),(207,5,'Normal',2500),(207,6,'Normal',1500),(207,7,'Normal',1200),(207,8,'Normal',2000),(207,9,'Normal',1250),(207,10,'Normal',1500),(208,1,'Normal',1500),(208,2,'Normal',2500),(208,3,'Normal',2500),(208,4,'Normal',1500),(208,5,'Normal',2500),(208,6,'Normal',1500),(208,7,'Normal',1200),(208,8,'Normal',2000),(208,9,'Normal',1250),(208,10,'Normal',1500),(209,1,'Normal',1500),(209,2,'Normal',2500),(209,3,'Normal',2500),(209,4,'Normal',1500),(209,5,'Normal',2500),(209,6,'Normal',1500),(209,7,'Normal',1200),(209,8,'Normal',2000),(209,9,'Normal',1250),(209,10,'Normal',1500),(210,1,'Normal',1500),(210,2,'Normal',2500),(210,3,'Normal',2500),(210,4,'Normal',1500),(210,5,'Normal',2500),(210,6,'Normal',1500),(210,7,'Normal',1200),(210,8,'Normal',2000),(210,9,'Normal',1250),(210,10,'Normal',1500),(211,1,'Normal',1500),(211,2,'Normal',2500),(211,3,'Normal',2500),(211,4,'Normal',1500),(211,5,'Normal',2500),(211,6,'Normal',1500),(211,7,'Normal',1200),(211,8,'Normal',2000),(211,9,'Normal',1250),(211,10,'Normal',1500),(212,1,'Normal',1500),(212,2,'Normal',2500),(212,3,'Normal',2500),(212,4,'Normal',1500),(212,5,'Normal',2500),(212,6,'Normal',1500),(212,7,'Normal',1200),(212,8,'Normal',2000),(212,9,'Normal',1250),(212,10,'Normal',1500),(213,1,'Normal',1500),(213,2,'Normal',2500),(213,3,'Normal',2500),(213,4,'Normal',1500),(213,5,'Normal',2500),(213,6,'Normal',1500),(213,7,'Normal',1200),(213,8,'Normal',2000),(213,9,'Normal',1250),(213,10,'Normal',1500),(214,1,'Normal',1500),(214,2,'Normal',2500),(214,3,'Normal',2500),(214,4,'Normal',1500),(214,5,'Normal',2500),(214,6,'Normal',1500),(214,7,'Normal',1200),(214,8,'Normal',2000),(214,9,'Normal',1250),(214,10,'Normal',1500),(215,1,'Normal',1500),(215,2,'Normal',2500),(215,3,'Normal',2500),(215,4,'Normal',1500),(215,5,'Normal',2500),(215,6,'Normal',1500),(215,7,'Normal',1200),(215,8,'Normal',2000),(215,9,'Normal',1250),(215,10,'Normal',1500),(216,1,'Normal',1500),(216,2,'Normal',2500),(216,3,'Normal',2500),(216,4,'Normal',1500),(216,5,'Normal',2500),(216,6,'Normal',1500),(216,7,'Normal',1200),(216,8,'Normal',2000),(216,9,'Normal',1250),(216,10,'Normal',1500),(217,1,'Normal',1500),(217,2,'Normal',2500),(217,3,'Normal',2500),(217,4,'Normal',1500),(217,5,'Normal',2500),(217,6,'Normal',1500),(217,7,'Normal',1200),(217,8,'Normal',2000),(217,9,'Normal',1250),(217,10,'Normal',1500),(218,1,'Normal',1500),(218,2,'Normal',2500),(218,3,'Normal',2500),(218,4,'Normal',1500),(218,5,'Normal',2500),(218,6,'Normal',1500),(218,7,'Normal',1200),(218,8,'Normal',2000),(218,9,'Normal',1250),(218,10,'Normal',1500),(219,1,'Normal',1500),(219,2,'Normal',2500),(219,3,'Normal',2500),(219,4,'Normal',1500),(219,5,'Normal',2500),(219,6,'Normal',1500),(219,7,'Normal',1200),(219,8,'Normal',2000),(219,9,'Normal',1250),(219,10,'Normal',1500),(220,1,'Normal',1500),(220,2,'Normal',2500),(220,3,'Normal',2500),(220,4,'Normal',1500),(220,5,'Normal',2500),(220,6,'Normal',1500),(220,7,'Normal',1200),(220,8,'Normal',2000),(220,9,'Normal',1250),(220,10,'Normal',1500),(221,1,'Normal',1500),(221,2,'Normal',2500),(221,3,'Normal',2500),(221,4,'Normal',1500),(221,5,'Normal',2500),(221,6,'Normal',1500),(221,7,'Normal',1200),(221,8,'Normal',2000),(221,9,'Normal',1250),(221,10,'Normal',1500),(222,1,'Normal',1500),(222,2,'Normal',2500),(222,3,'Normal',2500),(222,4,'Normal',1500),(222,5,'Normal',2500),(222,6,'Normal',1500),(222,7,'Normal',1200),(222,8,'Normal',2000),(222,9,'Normal',1250),(222,10,'Normal',1500),(223,1,'Normal',1500),(223,2,'Normal',2500),(223,3,'Normal',2500),(223,4,'Normal',1500),(223,5,'Normal',2500),(223,6,'Normal',1500),(223,7,'Normal',1200),(223,8,'Normal',2000),(223,9,'Normal',1250),(223,10,'Normal',1500),(224,1,'Normal',1500),(224,2,'Normal',2500),(224,3,'Normal',2500),(224,4,'Normal',1500),(224,5,'Normal',2500),(224,6,'Normal',1500),(224,7,'Normal',1200),(224,8,'Normal',2000),(224,9,'Normal',1250),(224,10,'Normal',1500),(225,1,'Normal',1500),(225,2,'Normal',2500),(225,3,'Normal',2500),(225,4,'Normal',1500),(225,5,'Normal',2500),(225,6,'Normal',1500),(225,7,'Normal',1200),(225,8,'Normal',2000),(225,9,'Normal',1250),(225,10,'Normal',1500),(226,1,'Normal',1500),(226,2,'Normal',2500),(226,3,'Normal',2500),(226,4,'Normal',1500),(226,5,'Normal',2500),(226,6,'Normal',1500),(226,7,'Normal',1200),(226,8,'Normal',2000),(226,9,'Normal',1250),(226,10,'Normal',1500),(227,1,'Normal',1500),(227,2,'Normal',2500),(227,3,'Normal',2500),(227,4,'Normal',1500),(227,5,'Normal',2500),(227,6,'Normal',1500),(227,7,'Normal',1200),(227,8,'Normal',2000),(227,9,'Normal',1250),(227,10,'Normal',1500),(228,1,'Normal',1500),(228,2,'Normal',2500),(228,3,'Normal',2500),(228,4,'Normal',1500),(228,5,'Normal',2500),(228,6,'Normal',1500),(228,7,'Normal',1200),(228,8,'Normal',2000),(228,9,'Normal',1250),(228,10,'Normal',1500),(229,1,'Normal',1500),(229,2,'Normal',2500),(229,3,'Normal',2500),(229,4,'Normal',1500),(229,5,'Normal',2500),(229,6,'Normal',1500),(229,7,'Normal',1200),(229,8,'Normal',2000),(229,9,'Normal',1250),(229,10,'Normal',1500),(230,1,'Normal',1500),(230,2,'Normal',2500),(230,3,'Normal',2500),(230,4,'Normal',1500),(230,5,'Normal',2500),(230,6,'Normal',1500),(230,7,'Normal',1200),(230,8,'Normal',2000),(230,9,'Normal',1250),(230,10,'Normal',1500),(231,1,'Normal',1500),(231,2,'Normal',2500),(231,3,'Normal',2500),(231,4,'Normal',1500),(231,5,'Normal',2500),(231,6,'Normal',1500),(231,7,'Normal',1200),(231,8,'Normal',2000),(231,9,'Normal',1250),(231,10,'Normal',1500),(232,1,'Normal',1500),(232,2,'Normal',2500),(232,3,'Normal',2500),(232,4,'Normal',1500),(232,5,'Normal',2500),(232,6,'Normal',1500),(232,7,'Normal',1200),(232,8,'Normal',2000),(232,9,'Normal',1250),(232,10,'Normal',1500),(233,1,'Normal',1500),(233,2,'Normal',2500),(233,3,'Normal',2500),(233,4,'Normal',1500),(233,5,'Normal',2500),(233,6,'Normal',1500),(233,7,'Normal',1200),(233,8,'Normal',2000),(233,9,'Normal',1250),(233,10,'Normal',1500),(234,1,'Normal',1500),(234,2,'Normal',2500),(234,3,'Normal',2500),(234,4,'Normal',1500),(234,5,'Normal',2500),(234,6,'Normal',1500),(234,7,'Normal',1200),(234,8,'Normal',2000),(234,9,'Normal',1250),(234,10,'Normal',1500),(235,1,'Normal',1500),(235,2,'Normal',2500),(235,3,'Normal',2500),(235,4,'Normal',1500),(235,5,'Normal',2500),(235,6,'Normal',1500),(235,7,'Normal',1200),(235,8,'Normal',2000),(235,9,'Normal',1250),(235,10,'Normal',1500),(236,1,'Normal',1500),(236,2,'Normal',2500),(236,3,'Normal',2500),(236,4,'Normal',1500),(236,5,'Normal',2500),(236,6,'Normal',1500),(236,7,'Normal',1200),(236,8,'Normal',2000),(236,9,'Normal',1250),(236,10,'Normal',1500),(237,1,'Normal',1500),(237,2,'Normal',2500),(237,3,'Normal',2500),(237,4,'Normal',1500),(237,5,'Normal',2500),(237,6,'Normal',1500),(237,7,'Normal',1200),(237,8,'Normal',2000),(237,9,'Normal',1250),(237,10,'Normal',1500),(238,1,'Normal',1500),(238,2,'Normal',2500),(238,3,'Normal',2500),(238,4,'Normal',1500),(238,5,'Normal',2500),(238,6,'Normal',1500),(238,7,'Normal',1200),(238,8,'Normal',2000),(238,9,'Normal',1250),(238,10,'Normal',1500),(239,1,'Normal',1500),(239,2,'Normal',2500),(239,3,'Normal',2500),(239,4,'Normal',1500),(239,5,'Normal',2500),(239,6,'Normal',1500),(239,7,'Normal',1200),(239,8,'Normal',2000),(239,9,'Normal',1250),(239,10,'Normal',1500),(240,1,'Normal',1500),(240,2,'Normal',2500),(240,3,'Normal',2500),(240,4,'Normal',1500),(240,5,'Normal',2500),(240,6,'Normal',1500),(240,7,'Normal',1200),(240,8,'Normal',2000),(240,9,'Normal',1250),(240,10,'Normal',1500),(241,1,'Normal',1500),(241,2,'Normal',2500),(241,3,'Normal',2500),(241,4,'Normal',1500),(241,5,'Normal',2500),(241,6,'Normal',1500),(241,7,'Normal',1200),(241,8,'Normal',2000),(241,9,'Normal',1250),(241,10,'Normal',1500),(242,1,'Normal',1500),(242,2,'Normal',2500),(242,3,'Normal',2500),(242,4,'Normal',1500),(242,5,'Normal',2500),(242,6,'Normal',1500),(242,7,'Normal',1200),(242,8,'Normal',2000),(242,9,'Normal',1250),(242,10,'Normal',1500),(243,1,'Normal',1500),(243,2,'Normal',2500),(243,3,'Normal',2500),(243,4,'Normal',1500),(243,5,'Normal',2500),(243,6,'Normal',1500),(243,7,'Normal',1200),(243,8,'Normal',2000),(243,9,'Normal',1250),(243,10,'Normal',1500),(244,1,'Normal',1500),(244,2,'Normal',2500),(244,3,'Normal',2500),(244,4,'Normal',1500),(244,5,'Normal',2500),(244,6,'Normal',1500),(244,7,'Normal',1200),(244,8,'Normal',2000),(244,9,'Normal',1250),(244,10,'Normal',1500),(245,1,'Normal',1500),(245,2,'Normal',2500),(245,3,'Normal',2500),(245,4,'Normal',1500),(245,5,'Normal',2500),(245,6,'Normal',1500),(245,7,'Normal',1200),(245,8,'Normal',2000),(245,9,'Normal',1250),(245,10,'Normal',1500),(246,1,'Normal',1500),(246,2,'Normal',2500),(246,3,'Normal',2500),(246,4,'Normal',1500),(246,5,'Normal',2500),(246,6,'Normal',1500),(246,7,'Normal',1200),(246,8,'Normal',2000),(246,9,'Normal',1250),(246,10,'Normal',1500),(247,1,'Normal',1500),(247,2,'Normal',2500),(247,3,'Normal',2500),(247,4,'Normal',1500),(247,5,'Normal',2500),(247,6,'Normal',1500),(247,7,'Normal',1200),(247,8,'Normal',2000),(247,9,'Normal',1250),(247,10,'Normal',1500),(248,1,'Normal',1500),(248,2,'Normal',2500),(248,3,'Normal',2500),(248,4,'Normal',1500),(248,5,'Normal',2500),(248,6,'Normal',1500),(248,7,'Normal',1200),(248,8,'Normal',2000),(248,9,'Normal',1250),(248,10,'Normal',1500),(249,1,'Normal',1500),(249,2,'Normal',2500),(249,3,'Normal',2500),(249,4,'Normal',1500),(249,5,'Normal',2500),(249,6,'Normal',1500),(249,7,'Normal',1200),(249,8,'Normal',2000),(249,9,'Normal',1250),(249,10,'Normal',1500),(250,1,'Normal',1500),(250,2,'Normal',2500),(250,3,'Normal',2500),(250,4,'Normal',1500),(250,5,'Normal',2500),(250,6,'Normal',1500),(250,7,'Normal',1200),(250,8,'Normal',2000),(250,9,'Normal',1250),(250,10,'Normal',1500),(251,1,'Normal',1500),(251,2,'Normal',2500),(251,3,'Normal',2500),(251,4,'Normal',1500),(251,5,'Normal',2500),(251,6,'Normal',1500),(251,7,'Normal',1200),(251,8,'Normal',2000),(251,9,'Normal',1250),(251,10,'Normal',1500),(252,1,'Normal',1500),(252,2,'Normal',2500),(252,3,'Normal',2500),(252,4,'Normal',1500),(252,5,'Normal',2500),(252,6,'Normal',1500),(252,7,'Normal',1200),(252,8,'Normal',2000),(252,9,'Normal',1250),(252,10,'Normal',1500),(253,1,'Normal',1500),(253,2,'Normal',2500),(253,3,'Normal',2500),(253,4,'Normal',1500),(253,5,'Normal',2500),(253,6,'Normal',1500),(253,7,'Normal',1200),(253,8,'Normal',2000),(253,9,'Normal',1250),(253,10,'Normal',1500),(254,1,'Normal',1500),(254,2,'Normal',2500),(254,3,'Normal',2500),(254,4,'Normal',1500),(254,5,'Normal',2500),(254,6,'Normal',1500),(254,7,'Normal',1200),(254,8,'Normal',2000),(254,9,'Normal',1250),(254,10,'Normal',1500),(255,1,'Normal',1500),(255,2,'Normal',2500),(255,3,'Normal',2500),(255,4,'Normal',1500),(255,5,'Normal',2500),(255,6,'Normal',1500),(255,7,'Normal',1200),(255,8,'Normal',2000),(255,9,'Normal',1250),(255,10,'Normal',1500),(256,1,'Normal',1500),(256,2,'Normal',2500),(256,3,'Normal',2500),(256,4,'Normal',1500),(256,5,'Normal',2500),(256,6,'Normal',1500),(256,7,'Normal',1200),(256,8,'Normal',2000),(256,9,'Normal',1250),(256,10,'Normal',1500),(257,1,'Normal',1500),(257,2,'Normal',2500),(257,3,'Normal',2500),(257,4,'Normal',1500),(257,5,'Normal',2500),(257,6,'Normal',1500),(257,7,'Normal',1200),(257,8,'Normal',2000),(257,9,'Normal',1250),(257,10,'Normal',1500),(258,1,'Normal',1500),(258,2,'Normal',2500),(258,3,'Normal',2500),(258,4,'Normal',1500),(258,5,'Normal',2500),(258,6,'Normal',1500),(258,7,'Normal',1200),(258,8,'Normal',2000),(258,9,'Normal',1250),(258,10,'Normal',1500),(259,1,'Normal',1500),(259,2,'Normal',2500),(259,3,'Normal',2500),(259,4,'Normal',1500),(259,5,'Normal',2500),(259,6,'Normal',1500),(259,7,'Normal',1200),(259,8,'Normal',2000),(259,9,'Normal',1250),(259,10,'Normal',1500),(260,1,'Normal',1500),(260,2,'Normal',2500),(260,3,'Normal',2500),(260,4,'Normal',1500),(260,5,'Normal',2500),(260,6,'Normal',1500),(260,7,'Normal',1200),(260,8,'Normal',2000),(260,9,'Normal',1250),(260,10,'Normal',1500),(261,1,'Normal',1500),(261,2,'Normal',2500),(261,3,'Normal',2500),(261,4,'Normal',1500),(261,5,'Normal',2500),(261,6,'Normal',1500),(261,7,'Normal',1200),(261,8,'Normal',2000),(261,9,'Normal',1250),(261,10,'Normal',1500),(262,1,'Normal',1500),(262,2,'Normal',2500),(262,3,'Normal',2500),(262,4,'Normal',1500),(262,5,'Normal',2500),(262,6,'Normal',1500),(262,7,'Normal',1200),(262,8,'Normal',2000),(262,9,'Normal',1250),(262,10,'Normal',1500),(263,1,'Normal',1500),(263,2,'Normal',2500),(263,3,'Normal',2500),(263,4,'Normal',1500),(263,5,'Normal',2500),(263,6,'Normal',1500),(263,7,'Normal',1200),(263,8,'Normal',2000),(263,9,'Normal',1250),(263,10,'Normal',1500),(264,1,'Normal',1500),(264,2,'Normal',2500),(264,3,'Normal',2500),(264,4,'Normal',1500),(264,5,'Normal',2500),(264,6,'Normal',1500),(264,7,'Normal',1200),(264,8,'Normal',2000),(264,9,'Normal',1250),(264,10,'Normal',1500),(265,1,'Normal',1500),(265,2,'Normal',2500),(265,3,'Normal',2500),(265,4,'Normal',1500),(265,5,'Normal',2500),(265,6,'Normal',1500),(265,7,'Normal',1200),(265,8,'Normal',2000),(265,9,'Normal',1250),(265,10,'Normal',1500),(266,1,'Normal',1500),(266,2,'Normal',2500),(266,3,'Normal',2500),(266,4,'Normal',1500),(266,5,'Normal',2500),(266,6,'Normal',1500),(266,7,'Normal',1200),(266,8,'Normal',2000),(266,9,'Normal',1250),(266,10,'Normal',1500),(267,1,'Normal',1500),(267,2,'Normal',2500),(267,3,'Normal',2500),(267,4,'Normal',1500),(267,5,'Normal',2500),(267,6,'Normal',1500),(267,7,'Normal',1200),(267,8,'Normal',2000),(267,9,'Normal',1250),(267,10,'Normal',1500),(268,1,'Normal',1500),(268,2,'Normal',2500),(268,3,'Normal',2500),(268,4,'Normal',1500),(268,5,'Normal',2500),(268,6,'Normal',1500),(268,7,'Normal',1200),(268,8,'Normal',2000),(268,9,'Normal',1250),(268,10,'Normal',1500),(269,1,'Normal',1500),(269,2,'Normal',2500),(269,3,'Normal',2500),(269,4,'Normal',1500),(269,5,'Normal',2500),(269,6,'Normal',1500),(269,7,'Normal',1200),(269,8,'Normal',2000),(269,9,'Normal',1250),(269,10,'Normal',1500),(270,1,'Normal',1500),(270,2,'Normal',2500),(270,3,'Normal',2500),(270,4,'Normal',1500),(270,5,'Normal',2500),(270,6,'Normal',1500),(270,7,'Normal',1200),(270,8,'Normal',2000),(270,9,'Normal',1250),(270,10,'Normal',1500),(271,1,'Normal',1500),(271,2,'Normal',2500),(271,3,'Normal',2500),(271,4,'Normal',1500),(271,5,'Normal',2500),(271,6,'Normal',1500),(271,7,'Normal',1200),(271,8,'Normal',2000),(271,9,'Normal',1250),(271,10,'Normal',1500),(272,1,'Normal',1500),(272,2,'Normal',2500),(272,3,'Normal',2500),(272,4,'Normal',1500),(272,5,'Normal',2500),(272,6,'Normal',1500),(272,7,'Normal',1200),(272,8,'Normal',2000),(272,9,'Normal',1250),(272,10,'Normal',1500),(273,1,'Normal',1500),(273,2,'Normal',2500),(273,3,'Normal',2500),(273,4,'Normal',1500),(273,5,'Normal',2500),(273,6,'Normal',1500),(273,7,'Normal',1200),(273,8,'Normal',2000),(273,9,'Normal',1250),(273,10,'Normal',1500),(274,1,'Normal',1500),(274,2,'Normal',2500),(274,3,'Normal',2500),(274,4,'Normal',1500),(274,5,'Normal',2500),(274,6,'Normal',1500),(274,7,'Normal',1200),(274,8,'Normal',2000),(274,9,'Normal',1250),(274,10,'Normal',1500),(275,1,'Normal',1500),(275,2,'Normal',2500),(275,3,'Normal',2500),(275,4,'Normal',1500),(275,5,'Normal',2500),(275,6,'Normal',1500),(275,7,'Normal',1200),(275,8,'Normal',2000),(275,9,'Normal',1250),(275,10,'Normal',1500),(276,1,'Normal',1500),(276,2,'Normal',2500),(276,3,'Normal',2500),(276,4,'Normal',1500),(276,5,'Normal',2500),(276,6,'Normal',1500),(276,7,'Normal',1200),(276,8,'Normal',2000),(276,9,'Normal',1250),(276,10,'Normal',1500),(277,1,'Normal',1500),(277,2,'Normal',2500),(277,3,'Normal',2500),(277,4,'Normal',1500),(277,5,'Normal',2500),(277,6,'Normal',1500),(277,7,'Normal',1200),(277,8,'Normal',2000),(277,9,'Normal',1250),(277,10,'Normal',1500),(278,1,'Normal',1500),(278,2,'Normal',2500),(278,3,'Normal',2500),(278,4,'Normal',1500),(278,5,'Normal',2500),(278,6,'Normal',1500),(278,7,'Normal',1200),(278,8,'Normal',2000),(278,9,'Normal',1250),(278,10,'Normal',1500),(279,1,'Normal',1500),(279,2,'Normal',2500),(279,3,'Normal',2500),(279,4,'Normal',1500),(279,5,'Normal',2500),(279,6,'Normal',1500),(279,7,'Normal',1200),(279,8,'Normal',2000),(279,9,'Normal',1250),(279,10,'Normal',1500),(280,1,'Normal',1500),(280,2,'Normal',2500),(280,3,'Normal',2500),(280,4,'Normal',1500),(280,5,'Normal',2500),(280,6,'Normal',1500),(280,7,'Normal',1200),(280,8,'Normal',2000),(280,9,'Normal',1250),(280,10,'Normal',1500),(281,1,'Normal',1500),(281,2,'Normal',2500),(281,3,'Normal',2500),(281,4,'Normal',1500),(281,5,'Normal',2500),(281,6,'Normal',1500),(281,7,'Normal',1200),(281,8,'Normal',2000),(281,9,'Normal',1250),(281,10,'Normal',1500),(282,1,'Normal',1500),(282,2,'Normal',2500),(282,3,'Normal',2500),(282,4,'Normal',1500),(282,5,'Normal',2500),(282,6,'Normal',1500),(282,7,'Normal',1200),(282,8,'Normal',2000),(282,9,'Normal',1250),(282,10,'Normal',1500),(283,1,'Normal',1500),(283,2,'Normal',2500),(283,3,'Normal',2500),(283,4,'Normal',1500),(283,5,'Normal',2500),(283,6,'Normal',1500),(283,7,'Normal',1200),(283,8,'Normal',2000),(283,9,'Normal',1250),(283,10,'Normal',1500),(284,1,'Normal',1500),(284,2,'Normal',2500),(284,3,'Normal',2500),(284,4,'Normal',1500),(284,5,'Normal',2500),(284,6,'Normal',1500),(284,7,'Normal',1200),(284,8,'Normal',2000),(284,9,'Normal',1250),(284,10,'Normal',1500),(285,1,'Normal',1500),(285,2,'Normal',2500),(285,3,'Normal',2500),(285,4,'Normal',1500),(285,5,'Normal',2500),(285,6,'Normal',1500),(285,7,'Normal',1200),(285,8,'Normal',2000),(285,9,'Normal',1250),(285,10,'Normal',1500),(286,1,'Normal',1500),(286,2,'Normal',2500),(286,3,'Normal',2500),(286,4,'Normal',1500),(286,5,'Normal',2500),(286,6,'Normal',1500),(286,7,'Normal',1200),(286,8,'Normal',2000),(286,9,'Normal',1250),(286,10,'Normal',1500),(287,1,'Normal',1500),(287,2,'Normal',2500),(287,3,'Normal',2500),(287,4,'Normal',1500),(287,5,'Normal',2500),(287,6,'Normal',1500),(287,7,'Normal',1200),(287,8,'Normal',2000),(287,9,'Normal',1250),(287,10,'Normal',1500),(288,1,'Normal',1500),(288,2,'Normal',2500),(288,3,'Normal',2500),(288,4,'Normal',1500),(288,5,'Normal',2500),(288,6,'Normal',1500),(288,7,'Normal',1200),(288,8,'Normal',2000),(288,9,'Normal',1250),(288,10,'Normal',1500),(289,1,'Normal',1500),(289,2,'Normal',2500),(289,3,'Normal',2500),(289,4,'Normal',1500),(289,5,'Normal',2500),(289,6,'Normal',1500),(289,7,'Normal',1200),(289,8,'Normal',2000),(289,9,'Normal',1250),(289,10,'Normal',1500),(290,1,'Normal',1500),(290,2,'Normal',2500),(290,3,'Normal',2500),(290,4,'Normal',1500),(290,5,'Normal',2500),(290,6,'Normal',1500),(290,7,'Normal',1200),(290,8,'Normal',2000),(290,9,'Normal',1250),(290,10,'Normal',1500),(291,1,'Normal',1500),(291,2,'Normal',2500),(291,3,'Normal',2500),(291,4,'Normal',1500),(291,5,'Normal',2500),(291,6,'Normal',1500),(291,7,'Normal',1200),(291,8,'Normal',2000),(291,9,'Normal',1250),(291,10,'Normal',1500),(292,1,'Normal',1500),(292,2,'Normal',2500),(292,3,'Normal',2500),(292,4,'Normal',1500),(292,5,'Normal',2500),(292,6,'Normal',1500),(292,7,'Normal',1200),(292,8,'Normal',2000),(292,9,'Normal',1250),(292,10,'Normal',1500),(293,1,'Normal',1500),(293,2,'Normal',2500),(293,3,'Normal',2500),(293,4,'Normal',1500),(293,5,'Normal',2500),(293,6,'Normal',1500),(293,7,'Normal',1200),(293,8,'Normal',2000),(293,9,'Normal',1250),(293,10,'Normal',1500),(294,1,'Normal',1500),(294,2,'Normal',2500),(294,3,'Normal',2500),(294,4,'Normal',1500),(294,5,'Normal',2500),(294,6,'Normal',1500),(294,7,'Normal',1200),(294,8,'Normal',2000),(294,9,'Normal',1250),(294,10,'Normal',1500),(295,1,'Normal',1500),(295,2,'Normal',2500),(295,3,'Normal',2500),(295,4,'Normal',1500),(295,5,'Normal',2500),(295,6,'Normal',1500),(295,7,'Normal',1200),(295,8,'Normal',2000),(295,9,'Normal',1250),(295,10,'Normal',1500),(296,1,'Normal',1500),(296,2,'Normal',2500),(296,3,'Normal',2500),(296,4,'Normal',1500),(296,5,'Normal',2500),(296,6,'Normal',1500),(296,7,'Normal',1200),(296,8,'Normal',2000),(296,9,'Normal',1250),(296,10,'Normal',1500),(297,1,'Normal',1500),(297,2,'Normal',2500),(297,3,'Normal',2500),(297,4,'Normal',1500),(297,5,'Normal',2500),(297,6,'Normal',1500),(297,7,'Normal',1200),(297,8,'Normal',2000),(297,9,'Normal',1250),(297,10,'Normal',1500),(298,1,'Normal',1500),(298,2,'Normal',2500),(298,3,'Normal',2500),(298,4,'Normal',1500),(298,5,'Normal',2500),(298,6,'Normal',1500),(298,7,'Normal',1200),(298,8,'Normal',2000),(298,9,'Normal',1250),(298,10,'Normal',1500),(299,1,'Normal',1500),(299,2,'Normal',2500),(299,3,'Normal',2500),(299,4,'Normal',1500),(299,5,'Normal',2500),(299,6,'Normal',1500),(299,7,'Normal',1200),(299,8,'Normal',2000),(299,9,'Normal',1250),(299,10,'Normal',1500),(300,1,'Normal',1500),(300,2,'Normal',2500),(300,3,'Normal',2500),(300,4,'Normal',1500),(300,5,'Normal',2500),(300,6,'Normal',1500),(300,7,'Normal',1200),(300,8,'Normal',2000),(300,9,'Normal',1250),(300,10,'Normal',1500),(301,1,'Premium',5000),(301,2,'Premium',7500),(301,3,'Premium',6500),(301,4,'Premium',4500),(301,5,'Premium',6500),(301,6,'Premium',4500),(301,7,'Premium',5000),(301,8,'Premium',5000),(301,9,'Premium',4000),(301,10,'Premium',5000),(302,1,'Premium',5000),(302,2,'Premium',7500),(302,3,'Premium',6500),(302,4,'Premium',4500),(302,5,'Premium',6500),(302,6,'Premium',4500),(302,7,'Premium',5000),(302,8,'Premium',5000),(302,9,'Premium',4000),(302,10,'Premium',5000),(303,1,'Premium',5000),(303,2,'Premium',7500),(303,3,'Premium',6500),(303,4,'Premium',4500),(303,5,'Premium',6500),(303,6,'Premium',4500),(303,7,'Premium',5000),(303,8,'Premium',5000),(303,9,'Premium',4000),(303,10,'Premium',5000),(304,1,'Premium',5000),(304,2,'Premium',7500),(304,3,'Premium',6500),(304,4,'Premium',4500),(304,5,'Premium',6500),(304,6,'Premium',4500),(304,7,'Premium',5000),(304,8,'Premium',5000),(304,9,'Premium',4000),(304,10,'Premium',5000),(305,1,'Premium',5000),(305,2,'Premium',7500),(305,3,'Premium',6500),(305,4,'Premium',4500),(305,5,'Premium',6500),(305,6,'Premium',4500),(305,7,'Premium',5000),(305,8,'Premium',5000),(305,9,'Premium',4000),(305,10,'Premium',5000),(306,1,'Premium',5000),(306,2,'Premium',7500),(306,3,'Premium',6500),(306,4,'Premium',4500),(306,5,'Premium',6500),(306,6,'Premium',4500),(306,7,'Premium',5000),(306,8,'Premium',5000),(306,9,'Premium',4000),(306,10,'Premium',5000),(307,1,'Premium',5000),(307,2,'Premium',7500),(307,3,'Premium',6500),(307,4,'Premium',4500),(307,5,'Premium',6500),(307,6,'Premium',4500),(307,7,'Premium',5000),(307,8,'Premium',5000),(307,9,'Premium',4000),(307,10,'Premium',5000),(308,1,'Premium',5000),(308,2,'Premium',7500),(308,3,'Premium',6500),(308,4,'Premium',4500),(308,5,'Premium',6500),(308,6,'Premium',4500),(308,7,'Premium',5000),(308,8,'Premium',5000),(308,9,'Premium',4000),(308,10,'Premium',5000),(309,1,'Premium',5000),(309,2,'Premium',7500),(309,3,'Premium',6500),(309,4,'Premium',4500),(309,5,'Premium',6500),(309,6,'Premium',4500),(309,7,'Premium',5000),(309,8,'Premium',5000),(309,9,'Premium',4000),(309,10,'Premium',5000),(310,1,'Premium',5000),(310,2,'Premium',7500),(310,3,'Premium',6500),(310,4,'Premium',4500),(310,5,'Premium',6500),(310,6,'Premium',4500),(310,7,'Premium',5000),(310,8,'Premium',5000),(310,9,'Premium',4000),(310,10,'Premium',5000),(311,1,'Premium',5000),(311,2,'Premium',7500),(311,3,'Premium',6500),(311,4,'Premium',4500),(311,5,'Premium',6500),(311,6,'Premium',4500),(311,7,'Premium',5000),(311,8,'Premium',5000),(311,9,'Premium',4000),(311,10,'Premium',5000),(312,1,'Premium',5000),(312,2,'Premium',7500),(312,3,'Premium',6500),(312,4,'Premium',4500),(312,5,'Premium',6500),(312,6,'Premium',4500),(312,7,'Premium',5000),(312,8,'Premium',5000),(312,9,'Premium',4000),(312,10,'Premium',5000),(313,1,'Premium',5000),(313,2,'Premium',7500),(313,3,'Premium',6500),(313,4,'Premium',4500),(313,5,'Premium',6500),(313,6,'Premium',4500),(313,7,'Premium',5000),(313,8,'Premium',5000),(313,9,'Premium',4000),(313,10,'Premium',5000),(314,1,'Premium',5000),(314,2,'Premium',7500),(314,3,'Premium',6500),(314,4,'Premium',4500),(314,5,'Premium',6500),(314,6,'Premium',4500),(314,7,'Premium',5000),(314,8,'Premium',5000),(314,9,'Premium',4000),(314,10,'Premium',5000),(315,1,'Premium',5000),(315,2,'Premium',7500),(315,3,'Premium',6500),(315,4,'Premium',4500),(315,5,'Premium',6500),(315,6,'Premium',4500),(315,7,'Premium',5000),(315,8,'Premium',5000),(315,9,'Premium',4000),(315,10,'Premium',5000),(316,1,'Premium',5000),(316,2,'Premium',7500),(316,3,'Premium',6500),(316,4,'Premium',4500),(316,5,'Premium',6500),(316,6,'Premium',4500),(316,7,'Premium',5000),(316,8,'Premium',5000),(316,9,'Premium',4000),(316,10,'Premium',5000),(317,1,'Premium',5000),(317,2,'Premium',7500),(317,3,'Premium',6500),(317,4,'Premium',4500),(317,5,'Premium',6500),(317,6,'Premium',4500),(317,7,'Premium',5000),(317,8,'Premium',5000),(317,9,'Premium',4000),(317,10,'Premium',5000),(318,1,'Premium',5000),(318,2,'Premium',7500),(318,3,'Premium',6500),(318,4,'Premium',4500),(318,5,'Premium',6500),(318,6,'Premium',4500),(318,7,'Premium',5000),(318,8,'Premium',5000),(318,9,'Premium',4000),(318,10,'Premium',5000),(319,1,'Premium',5000),(319,2,'Premium',7500),(319,3,'Premium',6500),(319,4,'Premium',4500),(319,5,'Premium',6500),(319,6,'Premium',4500),(319,7,'Premium',5000),(319,8,'Premium',5000),(319,9,'Premium',4000),(319,10,'Premium',5000),(320,1,'Premium',5000),(320,2,'Premium',7500),(320,3,'Premium',6500),(320,4,'Premium',4500),(320,5,'Premium',6500),(320,6,'Premium',4500),(320,7,'Premium',5000),(320,8,'Premium',5000),(320,9,'Premium',4000),(320,10,'Premium',5000),(321,1,'Premium',5000),(321,2,'Premium',7500),(321,3,'Premium',6500),(321,4,'Premium',4500),(321,5,'Premium',6500),(321,6,'Premium',4500),(321,7,'Premium',5000),(321,8,'Premium',5000),(321,9,'Premium',4000),(321,10,'Premium',5000),(322,1,'Premium',5000),(322,2,'Premium',7500),(322,3,'Premium',6500),(322,4,'Premium',4500),(322,5,'Premium',6500),(322,6,'Premium',4500),(322,7,'Premium',5000),(322,8,'Premium',5000),(322,9,'Premium',4000),(322,10,'Premium',5000),(323,1,'Premium',5000),(323,2,'Premium',7500),(323,3,'Premium',6500),(323,4,'Premium',4500),(323,5,'Premium',6500),(323,6,'Premium',4500),(323,7,'Premium',5000),(323,8,'Premium',5000),(323,9,'Premium',4000),(323,10,'Premium',5000),(324,1,'Premium',5000),(324,2,'Premium',7500),(324,3,'Premium',6500),(324,4,'Premium',4500),(324,5,'Premium',6500),(324,6,'Premium',4500),(324,7,'Premium',5000),(324,8,'Premium',5000),(324,9,'Premium',4000),(324,10,'Premium',5000),(325,1,'Premium',5000),(325,2,'Premium',7500),(325,3,'Premium',6500),(325,4,'Premium',4500),(325,5,'Premium',6500),(325,6,'Premium',4500),(325,7,'Premium',5000),(325,8,'Premium',5000),(325,9,'Premium',4000),(325,10,'Premium',5000),(326,1,'Premium',5000),(326,2,'Premium',7500),(326,3,'Premium',6500),(326,4,'Premium',4500),(326,5,'Premium',6500),(326,6,'Premium',4500),(326,7,'Premium',5000),(326,8,'Premium',5000),(326,9,'Premium',4000),(326,10,'Premium',5000),(327,1,'Premium',5000),(327,2,'Premium',7500),(327,3,'Premium',6500),(327,4,'Premium',4500),(327,5,'Premium',6500),(327,6,'Premium',4500),(327,7,'Premium',5000),(327,8,'Premium',5000),(327,9,'Premium',4000),(327,10,'Premium',5000),(328,1,'Premium',5000),(328,2,'Premium',7500),(328,3,'Premium',6500),(328,4,'Premium',4500),(328,5,'Premium',6500),(328,6,'Premium',4500),(328,7,'Premium',5000),(328,8,'Premium',5000),(328,9,'Premium',4000),(328,10,'Premium',5000),(329,1,'Premium',5000),(329,2,'Premium',7500),(329,3,'Premium',6500),(329,4,'Premium',4500),(329,5,'Premium',6500),(329,6,'Premium',4500),(329,7,'Premium',5000),(329,8,'Premium',5000),(329,9,'Premium',4000),(329,10,'Premium',5000),(330,1,'Premium',5000),(330,2,'Premium',7500),(330,3,'Premium',6500),(330,4,'Premium',4500),(330,5,'Premium',6500),(330,6,'Premium',4500),(330,7,'Premium',5000),(330,8,'Premium',5000),(330,9,'Premium',4000),(330,10,'Premium',5000),(331,1,'Premium',5000),(331,2,'Premium',7500),(331,3,'Premium',6500),(331,4,'Premium',4500),(331,5,'Premium',6500),(331,6,'Premium',4500),(331,7,'Premium',5000),(331,8,'Premium',5000),(331,9,'Premium',4000),(331,10,'Premium',5000),(332,1,'Premium',5000),(332,2,'Premium',7500),(332,3,'Premium',6500),(332,4,'Premium',4500),(332,5,'Premium',6500),(332,6,'Premium',4500),(332,7,'Premium',5000),(332,8,'Premium',5000),(332,9,'Premium',4000),(332,10,'Premium',5000),(333,1,'Premium',5000),(333,2,'Premium',7500),(333,3,'Premium',6500),(333,4,'Premium',4500),(333,5,'Premium',6500),(333,6,'Premium',4500),(333,7,'Premium',5000),(333,8,'Premium',5000),(333,9,'Premium',4000),(333,10,'Premium',5000),(334,1,'Premium',5000),(334,2,'Premium',7500),(334,3,'Premium',6500),(334,4,'Premium',4500),(334,5,'Premium',6500),(334,6,'Premium',4500),(334,7,'Premium',5000),(334,8,'Premium',5000),(334,9,'Premium',4000),(334,10,'Premium',5000),(335,1,'Premium',5000),(335,2,'Premium',7500),(335,3,'Premium',6500),(335,4,'Premium',4500),(335,5,'Premium',6500),(335,6,'Premium',4500),(335,7,'Premium',5000),(335,8,'Premium',5000),(335,9,'Premium',4000),(335,10,'Premium',5000),(336,1,'Premium',5000),(336,2,'Premium',7500),(336,3,'Premium',6500),(336,4,'Premium',4500),(336,5,'Premium',6500),(336,6,'Premium',4500),(336,7,'Premium',5000),(336,8,'Premium',5000),(336,9,'Premium',4000),(336,10,'Premium',5000),(337,1,'Premium',5000),(337,2,'Premium',7500),(337,3,'Premium',6500),(337,4,'Premium',4500),(337,5,'Premium',6500),(337,6,'Premium',4500),(337,7,'Premium',5000),(337,8,'Premium',5000),(337,9,'Premium',4000),(337,10,'Premium',5000),(338,1,'Premium',5000),(338,2,'Premium',7500),(338,3,'Premium',6500),(338,4,'Premium',4500),(338,5,'Premium',6500),(338,6,'Premium',4500),(338,7,'Premium',5000),(338,8,'Premium',5000),(338,9,'Premium',4000),(338,10,'Premium',5000),(339,1,'Premium',5000),(339,2,'Premium',7500),(339,3,'Premium',6500),(339,4,'Premium',4500),(339,5,'Premium',6500),(339,6,'Premium',4500),(339,7,'Premium',5000),(339,8,'Premium',5000),(339,9,'Premium',4000),(339,10,'Premium',5000),(340,1,'Premium',5000),(340,2,'Premium',7500),(340,3,'Premium',6500),(340,4,'Premium',4500),(340,5,'Premium',6500),(340,6,'Premium',4500),(340,7,'Premium',5000),(340,8,'Premium',5000),(340,9,'Premium',4000),(340,10,'Premium',5000),(341,1,'Premium',5000),(341,2,'Premium',7500),(341,3,'Premium',6500),(341,4,'Premium',4500),(341,5,'Premium',6500),(341,6,'Premium',4500),(341,7,'Premium',5000),(341,8,'Premium',5000),(341,9,'Premium',4000),(341,10,'Premium',5000),(342,1,'Premium',5000),(342,2,'Premium',7500),(342,3,'Premium',6500),(342,4,'Premium',4500),(342,5,'Premium',6500),(342,6,'Premium',4500),(342,7,'Premium',5000),(342,8,'Premium',5000),(342,9,'Premium',4000),(342,10,'Premium',5000),(343,1,'Premium',5000),(343,2,'Premium',7500),(343,3,'Premium',6500),(343,4,'Premium',4500),(343,5,'Premium',6500),(343,6,'Premium',4500),(343,7,'Premium',5000),(343,8,'Premium',5000),(343,9,'Premium',4000),(343,10,'Premium',5000),(344,1,'Premium',5000),(344,2,'Premium',7500),(344,3,'Premium',6500),(344,4,'Premium',4500),(344,5,'Premium',6500),(344,6,'Premium',4500),(344,7,'Premium',5000),(344,8,'Premium',5000),(344,9,'Premium',4000),(344,10,'Premium',5000),(345,1,'Premium',5000),(345,2,'Premium',7500),(345,3,'Premium',6500),(345,4,'Premium',4500),(345,5,'Premium',6500),(345,6,'Premium',4500),(345,7,'Premium',5000),(345,8,'Premium',5000),(345,9,'Premium',4000),(345,10,'Premium',5000),(346,1,'Normal',1500),(346,2,'Normal',2500),(346,3,'Normal',2500),(346,4,'Normal',1500),(346,5,'Normal',2500),(346,6,'Normal',1500),(346,7,'Normal',1200),(346,8,'Normal',2000),(346,9,'Normal',1250),(346,10,'Normal',1500),(347,1,'Normal',1500),(347,2,'Normal',2500),(347,3,'Normal',2500),(347,4,'Normal',1500),(347,5,'Normal',2500),(347,6,'Normal',1500),(347,7,'Normal',1200),(347,8,'Normal',2000),(347,9,'Normal',1250),(347,10,'Normal',1500),(348,1,'Normal',1500),(348,2,'Normal',2500),(348,3,'Normal',2500),(348,4,'Normal',1500),(348,5,'Normal',2500),(348,6,'Normal',1500),(348,7,'Normal',1200),(348,8,'Normal',2000),(348,9,'Normal',1250),(348,10,'Normal',1500),(349,1,'Normal',1500),(349,2,'Normal',2500),(349,3,'Normal',2500),(349,4,'Normal',1500),(349,5,'Normal',2500),(349,6,'Normal',1500),(349,7,'Normal',1200),(349,8,'Normal',2000),(349,9,'Normal',1250),(349,10,'Normal',1500),(350,1,'Normal',1500),(350,2,'Normal',2500),(350,3,'Normal',2500),(350,4,'Normal',1500),(350,5,'Normal',2500),(350,6,'Normal',1500),(350,7,'Normal',1200),(350,8,'Normal',2000),(350,9,'Normal',1250),(350,10,'Normal',1500),(351,1,'Normal',1500),(351,2,'Normal',2500),(351,3,'Normal',2500),(351,4,'Normal',1500),(351,5,'Normal',2500),(351,6,'Normal',1500),(351,7,'Normal',1200),(351,8,'Normal',2000),(351,9,'Normal',1250),(351,10,'Normal',1500),(352,1,'Normal',1500),(352,2,'Normal',2500),(352,3,'Normal',2500),(352,4,'Normal',1500),(352,5,'Normal',2500),(352,6,'Normal',1500),(352,7,'Normal',1200),(352,8,'Normal',2000),(352,9,'Normal',1250),(352,10,'Normal',1500),(353,1,'Normal',1500),(353,2,'Normal',2500),(353,3,'Normal',2500),(353,4,'Normal',1500),(353,5,'Normal',2500),(353,6,'Normal',1500),(353,7,'Normal',1200),(353,8,'Normal',2000),(353,9,'Normal',1250),(353,10,'Normal',1500),(354,1,'Normal',1500),(354,2,'Normal',2500),(354,3,'Normal',2500),(354,4,'Normal',1500),(354,5,'Normal',2500),(354,6,'Normal',1500),(354,7,'Normal',1200),(354,8,'Normal',2000),(354,9,'Normal',1250),(354,10,'Normal',1500),(355,1,'Normal',1500),(355,2,'Normal',2500),(355,3,'Normal',2500),(355,4,'Normal',1500),(355,5,'Normal',2500),(355,6,'Normal',1500),(355,7,'Normal',1200),(355,8,'Normal',2000),(355,9,'Normal',1250),(355,10,'Normal',1500),(356,1,'Normal',1500),(356,2,'Normal',2500),(356,3,'Normal',2500),(356,4,'Normal',1500),(356,5,'Normal',2500),(356,6,'Normal',1500),(356,7,'Normal',1200),(356,8,'Normal',2000),(356,9,'Normal',1250),(356,10,'Normal',1500),(357,1,'Normal',1500),(357,2,'Normal',2500),(357,3,'Normal',2500),(357,4,'Normal',1500),(357,5,'Normal',2500),(357,6,'Normal',1500),(357,7,'Normal',1200),(357,8,'Normal',2000),(357,9,'Normal',1250),(357,10,'Normal',1500),(358,1,'Normal',1500),(358,2,'Normal',2500),(358,3,'Normal',2500),(358,4,'Normal',1500),(358,5,'Normal',2500),(358,6,'Normal',1500),(358,7,'Normal',1200),(358,8,'Normal',2000),(358,9,'Normal',1250),(358,10,'Normal',1500),(359,1,'Normal',1500),(359,2,'Normal',2500),(359,3,'Normal',2500),(359,4,'Normal',1500),(359,5,'Normal',2500),(359,6,'Normal',1500),(359,7,'Normal',1200),(359,8,'Normal',2000),(359,9,'Normal',1250),(359,10,'Normal',1500),(360,1,'Normal',1500),(360,2,'Normal',2500),(360,3,'Normal',2500),(360,4,'Normal',1500),(360,5,'Normal',2500),(360,6,'Normal',1500),(360,7,'Normal',1200),(360,8,'Normal',2000),(360,9,'Normal',1250),(360,10,'Normal',1500),(361,1,'Normal',1500),(361,2,'Normal',2500),(361,3,'Normal',2500),(361,4,'Normal',1500),(361,5,'Normal',2500),(361,6,'Normal',1500),(361,7,'Normal',1200),(361,8,'Normal',2000),(361,9,'Normal',1250),(361,10,'Normal',1500),(362,1,'Normal',1500),(362,2,'Normal',2500),(362,3,'Normal',2500),(362,4,'Normal',1500),(362,5,'Normal',2500),(362,6,'Normal',1500),(362,7,'Normal',1200),(362,8,'Normal',2000),(362,9,'Normal',1250),(362,10,'Normal',1500),(363,1,'Normal',1500),(363,2,'Normal',2500),(363,3,'Normal',2500),(363,4,'Normal',1500),(363,5,'Normal',2500),(363,6,'Normal',1500),(363,7,'Normal',1200),(363,8,'Normal',2000),(363,9,'Normal',1250),(363,10,'Normal',1500),(364,1,'Normal',1500),(364,2,'Normal',2500),(364,3,'Normal',2500),(364,4,'Normal',1500),(364,5,'Normal',2500),(364,6,'Normal',1500),(364,7,'Normal',1200),(364,8,'Normal',2000),(364,9,'Normal',1250),(364,10,'Normal',1500),(365,1,'Normal',1500),(365,2,'Normal',2500),(365,3,'Normal',2500),(365,4,'Normal',1500),(365,5,'Normal',2500),(365,6,'Normal',1500),(365,7,'Normal',1200),(365,8,'Normal',2000),(365,9,'Normal',1250),(365,10,'Normal',1500),(366,1,'Normal',1500),(366,2,'Normal',2500),(366,3,'Normal',2500),(366,4,'Normal',1500),(366,5,'Normal',2500),(366,6,'Normal',1500),(366,7,'Normal',1200),(366,8,'Normal',2000),(366,9,'Normal',1250),(366,10,'Normal',1500),(367,1,'Normal',1500),(367,2,'Normal',2500),(367,3,'Normal',2500),(367,4,'Normal',1500),(367,5,'Normal',2500),(367,6,'Normal',1500),(367,7,'Normal',1200),(367,8,'Normal',2000),(367,9,'Normal',1250),(367,10,'Normal',1500),(368,1,'Normal',1500),(368,2,'Normal',2500),(368,3,'Normal',2500),(368,4,'Normal',1500),(368,5,'Normal',2500),(368,6,'Normal',1500),(368,7,'Normal',1200),(368,8,'Normal',2000),(368,9,'Normal',1250),(368,10,'Normal',1500),(369,1,'Normal',1500),(369,2,'Normal',2500),(369,3,'Normal',2500),(369,4,'Normal',1500),(369,5,'Normal',2500),(369,6,'Normal',1500),(369,7,'Normal',1200),(369,8,'Normal',2000),(369,9,'Normal',1250),(369,10,'Normal',1500),(370,1,'Normal',1500),(370,2,'Normal',2500),(370,3,'Normal',2500),(370,4,'Normal',1500),(370,5,'Normal',2500),(370,6,'Normal',1500),(370,7,'Normal',1200),(370,8,'Normal',2000),(370,9,'Normal',1250),(370,10,'Normal',1500),(371,1,'Normal',1500),(371,2,'Normal',2500),(371,3,'Normal',2500),(371,4,'Normal',1500),(371,5,'Normal',2500),(371,6,'Normal',1500),(371,7,'Normal',1200),(371,8,'Normal',2000),(371,9,'Normal',1250),(371,10,'Normal',1500),(372,1,'Normal',1500),(372,2,'Normal',2500),(372,3,'Normal',2500),(372,4,'Normal',1500),(372,5,'Normal',2500),(372,6,'Normal',1500),(372,7,'Normal',1200),(372,8,'Normal',2000),(372,9,'Normal',1250),(372,10,'Normal',1500),(373,1,'Normal',1500),(373,2,'Normal',2500),(373,3,'Normal',2500),(373,4,'Normal',1500),(373,5,'Normal',2500),(373,6,'Normal',1500),(373,7,'Normal',1200),(373,8,'Normal',2000),(373,9,'Normal',1250),(373,10,'Normal',1500),(374,1,'Normal',1500),(374,2,'Normal',2500),(374,3,'Normal',2500),(374,4,'Normal',1500),(374,5,'Normal',2500),(374,6,'Normal',1500),(374,7,'Normal',1200),(374,8,'Normal',2000),(374,9,'Normal',1250),(374,10,'Normal',1500),(375,1,'Normal',1500),(375,2,'Normal',2500),(375,3,'Normal',2500),(375,4,'Normal',1500),(375,5,'Normal',2500),(375,6,'Normal',1500),(375,7,'Normal',1200),(375,8,'Normal',2000),(375,9,'Normal',1250),(375,10,'Normal',1500),(376,1,'Normal',1500),(376,2,'Normal',2500),(376,3,'Normal',2500),(376,4,'Normal',1500),(376,5,'Normal',2500),(376,6,'Normal',1500),(376,7,'Normal',1200),(376,8,'Normal',2000),(376,9,'Normal',1250),(376,10,'Normal',1500),(377,1,'Normal',1500),(377,2,'Normal',2500),(377,3,'Normal',2500),(377,4,'Normal',1500),(377,5,'Normal',2500),(377,6,'Normal',1500),(377,7,'Normal',1200),(377,8,'Normal',2000),(377,9,'Normal',1250),(377,10,'Normal',1500),(378,1,'Normal',1500),(378,2,'Normal',2500),(378,3,'Normal',2500),(378,4,'Normal',1500),(378,5,'Normal',2500),(378,6,'Normal',1500),(378,7,'Normal',1200),(378,8,'Normal',2000),(378,9,'Normal',1250),(378,10,'Normal',1500),(379,1,'Normal',1500),(379,2,'Normal',2500),(379,3,'Normal',2500),(379,4,'Normal',1500),(379,5,'Normal',2500),(379,6,'Normal',1500),(379,7,'Normal',1200),(379,8,'Normal',2000),(379,9,'Normal',1250),(379,10,'Normal',1500),(380,1,'Normal',1500),(380,2,'Normal',2500),(380,3,'Normal',2500),(380,4,'Normal',1500),(380,5,'Normal',2500),(380,6,'Normal',1500),(380,7,'Normal',1200),(380,8,'Normal',2000),(380,9,'Normal',1250),(380,10,'Normal',1500),(381,1,'Normal',1500),(381,2,'Normal',2500),(381,3,'Normal',2500),(381,4,'Normal',1500),(381,5,'Normal',2500),(381,6,'Normal',1500),(381,7,'Normal',1200),(381,8,'Normal',2000),(381,9,'Normal',1250),(381,10,'Normal',1500),(382,1,'Normal',1500),(382,2,'Normal',2500),(382,3,'Normal',2500),(382,4,'Normal',1500),(382,5,'Normal',2500),(382,6,'Normal',1500),(382,7,'Normal',1200),(382,8,'Normal',2000),(382,9,'Normal',1250),(382,10,'Normal',1500),(383,1,'Normal',1500),(383,2,'Normal',2500),(383,3,'Normal',2500),(383,4,'Normal',1500),(383,5,'Normal',2500),(383,6,'Normal',1500),(383,7,'Normal',1200),(383,8,'Normal',2000),(383,9,'Normal',1250),(383,10,'Normal',1500),(384,1,'Normal',1500),(384,2,'Normal',2500),(384,3,'Normal',2500),(384,4,'Normal',1500),(384,5,'Normal',2500),(384,6,'Normal',1500),(384,7,'Normal',1200),(384,8,'Normal',2000),(384,9,'Normal',1250),(384,10,'Normal',1500),(385,1,'Normal',1500),(385,2,'Normal',2500),(385,3,'Normal',2500),(385,4,'Normal',1500),(385,5,'Normal',2500),(385,6,'Normal',1500),(385,7,'Normal',1200),(385,8,'Normal',2000),(385,9,'Normal',1250),(385,10,'Normal',1500),(386,1,'Normal',1500),(386,2,'Normal',2500),(386,3,'Normal',2500),(386,4,'Normal',1500),(386,5,'Normal',2500),(386,6,'Normal',1500),(386,7,'Normal',1200),(386,8,'Normal',2000),(386,9,'Normal',1250),(386,10,'Normal',1500),(387,1,'Normal',1500),(387,2,'Normal',2500),(387,3,'Normal',2500),(387,4,'Normal',1500),(387,5,'Normal',2500),(387,6,'Normal',1500),(387,7,'Normal',1200),(387,8,'Normal',2000),(387,9,'Normal',1250),(387,10,'Normal',1500),(388,1,'Normal',1500),(388,2,'Normal',2500),(388,3,'Normal',2500),(388,4,'Normal',1500),(388,5,'Normal',2500),(388,6,'Normal',1500),(388,7,'Normal',1200),(388,8,'Normal',2000),(388,9,'Normal',1250),(388,10,'Normal',1500),(389,1,'Normal',1500),(389,2,'Normal',2500),(389,3,'Normal',2500),(389,4,'Normal',1500),(389,5,'Normal',2500),(389,6,'Normal',1500),(389,7,'Normal',1200),(389,8,'Normal',2000),(389,9,'Normal',1250),(389,10,'Normal',1500),(390,1,'Normal',1500),(390,2,'Normal',2500),(390,3,'Normal',2500),(390,4,'Normal',1500),(390,5,'Normal',2500),(390,6,'Normal',1500),(390,7,'Normal',1200),(390,8,'Normal',2000),(390,9,'Normal',1250),(390,10,'Normal',1500),(391,1,'Normal',1500),(391,2,'Normal',2500),(391,3,'Normal',2500),(391,4,'Normal',1500),(391,5,'Normal',2500),(391,6,'Normal',1500),(391,7,'Normal',1200),(391,8,'Normal',2000),(391,9,'Normal',1250),(391,10,'Normal',1500),(392,1,'Normal',1500),(392,2,'Normal',2500),(392,3,'Normal',2500),(392,4,'Normal',1500),(392,5,'Normal',2500),(392,6,'Normal',1500),(392,7,'Normal',1200),(392,8,'Normal',2000),(392,9,'Normal',1250),(392,10,'Normal',1500),(393,1,'Normal',1500),(393,2,'Normal',2500),(393,3,'Normal',2500),(393,4,'Normal',1500),(393,5,'Normal',2500),(393,6,'Normal',1500),(393,7,'Normal',1200),(393,8,'Normal',2000),(393,9,'Normal',1250),(393,10,'Normal',1500),(394,1,'Normal',1500),(394,2,'Normal',2500),(394,3,'Normal',2500),(394,4,'Normal',1500),(394,5,'Normal',2500),(394,6,'Normal',1500),(394,7,'Normal',1200),(394,8,'Normal',2000),(394,9,'Normal',1250),(394,10,'Normal',1500),(395,1,'Normal',1500),(395,2,'Normal',2500),(395,3,'Normal',2500),(395,4,'Normal',1500),(395,5,'Normal',2500),(395,6,'Normal',1500),(395,7,'Normal',1200),(395,8,'Normal',2000),(395,9,'Normal',1250),(395,10,'Normal',1500),(396,1,'Normal',1500),(396,2,'Normal',2500),(396,3,'Normal',2500),(396,4,'Normal',1500),(396,5,'Normal',2500),(396,6,'Normal',1500),(396,7,'Normal',1200),(396,8,'Normal',2000),(396,9,'Normal',1250),(396,10,'Normal',1500),(397,1,'Normal',1500),(397,2,'Normal',2500),(397,3,'Normal',2500),(397,4,'Normal',1500),(397,5,'Normal',2500),(397,6,'Normal',1500),(397,7,'Normal',1200),(397,8,'Normal',2000),(397,9,'Normal',1250),(397,10,'Normal',1500),(398,1,'Normal',1500),(398,2,'Normal',2500),(398,3,'Normal',2500),(398,4,'Normal',1500),(398,5,'Normal',2500),(398,6,'Normal',1500),(398,7,'Normal',1200),(398,8,'Normal',2000),(398,9,'Normal',1250),(398,10,'Normal',1500),(399,1,'Normal',1500),(399,2,'Normal',2500),(399,3,'Normal',2500),(399,4,'Normal',1500),(399,5,'Normal',2500),(399,6,'Normal',1500),(399,7,'Normal',1200),(399,8,'Normal',2000),(399,9,'Normal',1250),(399,10,'Normal',1500),(400,1,'Normal',1500),(400,2,'Normal',2500),(400,3,'Normal',2500),(400,4,'Normal',1500),(400,5,'Normal',2500),(400,6,'Normal',1500),(400,7,'Normal',1200),(400,8,'Normal',2000),(400,9,'Normal',1250),(400,10,'Normal',1500),(401,1,'Normal',1500),(401,2,'Normal',2500),(401,3,'Normal',2500),(401,4,'Normal',1500),(401,5,'Normal',2500),(401,6,'Normal',1500),(401,7,'Normal',1200),(401,8,'Normal',2000),(401,9,'Normal',1250),(401,10,'Normal',1500),(402,1,'Normal',1500),(402,2,'Normal',2500),(402,3,'Normal',2500),(402,4,'Normal',1500),(402,5,'Normal',2500),(402,6,'Normal',1500),(402,7,'Normal',1200),(402,8,'Normal',2000),(402,9,'Normal',1250),(402,10,'Normal',1500),(403,1,'Normal',1500),(403,2,'Normal',2500),(403,3,'Normal',2500),(403,4,'Normal',1500),(403,5,'Normal',2500),(403,6,'Normal',1500),(403,7,'Normal',1200),(403,8,'Normal',2000),(403,9,'Normal',1250),(403,10,'Normal',1500),(404,1,'Normal',1500),(404,2,'Normal',2500),(404,3,'Normal',2500),(404,4,'Normal',1500),(404,5,'Normal',2500),(404,6,'Normal',1500),(404,7,'Normal',1200),(404,8,'Normal',2000),(404,9,'Normal',1250),(404,10,'Normal',1500),(405,1,'Normal',1500),(405,2,'Normal',2500),(405,3,'Normal',2500),(405,4,'Normal',1500),(405,5,'Normal',2500),(405,6,'Normal',1500),(405,7,'Normal',1200),(405,8,'Normal',2000),(405,9,'Normal',1250),(405,10,'Normal',1500),(406,1,'Normal',1500),(406,2,'Normal',2500),(406,3,'Normal',2500),(406,4,'Normal',1500),(406,5,'Normal',2500),(406,6,'Normal',1500),(406,7,'Normal',1200),(406,8,'Normal',2000),(406,9,'Normal',1250),(406,10,'Normal',1500),(407,1,'Normal',1500),(407,2,'Normal',2500),(407,3,'Normal',2500),(407,4,'Normal',1500),(407,5,'Normal',2500),(407,6,'Normal',1500),(407,7,'Normal',1200),(407,8,'Normal',2000),(407,9,'Normal',1250),(407,10,'Normal',1500),(408,1,'Normal',1500),(408,2,'Normal',2500),(408,3,'Normal',2500),(408,4,'Normal',1500),(408,5,'Normal',2500),(408,6,'Normal',1500),(408,7,'Normal',1200),(408,8,'Normal',2000),(408,9,'Normal',1250),(408,10,'Normal',1500),(409,1,'Normal',1500),(409,2,'Normal',2500),(409,3,'Normal',2500),(409,4,'Normal',1500),(409,5,'Normal',2500),(409,6,'Normal',1500),(409,7,'Normal',1200),(409,8,'Normal',2000),(409,9,'Normal',1250),(409,10,'Normal',1500),(410,1,'Normal',1500),(410,2,'Normal',2500),(410,3,'Normal',2500),(410,4,'Normal',1500),(410,5,'Normal',2500),(410,6,'Normal',1500),(410,7,'Normal',1200),(410,8,'Normal',2000),(410,9,'Normal',1250),(410,10,'Normal',1500),(411,1,'Normal',1500),(411,2,'Normal',2500),(411,3,'Normal',2500),(411,4,'Normal',1500),(411,5,'Normal',2500),(411,6,'Normal',1500),(411,7,'Normal',1200),(411,8,'Normal',2000),(411,9,'Normal',1250),(411,10,'Normal',1500),(412,1,'Normal',1500),(412,2,'Normal',2500),(412,3,'Normal',2500),(412,4,'Normal',1500),(412,5,'Normal',2500),(412,6,'Normal',1500),(412,7,'Normal',1200),(412,8,'Normal',2000),(412,9,'Normal',1250),(412,10,'Normal',1500),(413,1,'Normal',1500),(413,2,'Normal',2500),(413,3,'Normal',2500),(413,4,'Normal',1500),(413,5,'Normal',2500),(413,6,'Normal',1500),(413,7,'Normal',1200),(413,8,'Normal',2000),(413,9,'Normal',1250),(413,10,'Normal',1500),(414,1,'Normal',1500),(414,2,'Normal',2500),(414,3,'Normal',2500),(414,4,'Normal',1500),(414,5,'Normal',2500),(414,6,'Normal',1500),(414,7,'Normal',1200),(414,8,'Normal',2000),(414,9,'Normal',1250),(414,10,'Normal',1500),(415,1,'Normal',1500),(415,2,'Normal',2500),(415,3,'Normal',2500),(415,4,'Normal',1500),(415,5,'Normal',2500),(415,6,'Normal',1500),(415,7,'Normal',1200),(415,8,'Normal',2000),(415,9,'Normal',1250),(415,10,'Normal',1500),(416,1,'Normal',1500),(416,2,'Normal',2500),(416,3,'Normal',2500),(416,4,'Normal',1500),(416,5,'Normal',2500),(416,6,'Normal',1500),(416,7,'Normal',1200),(416,8,'Normal',2000),(416,9,'Normal',1250),(416,10,'Normal',1500),(417,1,'Normal',1500),(417,2,'Normal',2500),(417,3,'Normal',2500),(417,4,'Normal',1500),(417,5,'Normal',2500),(417,6,'Normal',1500),(417,7,'Normal',1200),(417,8,'Normal',2000),(417,9,'Normal',1250),(417,10,'Normal',1500),(418,1,'Normal',1500),(418,2,'Normal',2500),(418,3,'Normal',2500),(418,4,'Normal',1500),(418,5,'Normal',2500),(418,6,'Normal',1500),(418,7,'Normal',1200),(418,8,'Normal',2000),(418,9,'Normal',1250),(418,10,'Normal',1500),(419,1,'Normal',1500),(419,2,'Normal',2500),(419,3,'Normal',2500),(419,4,'Normal',1500),(419,5,'Normal',2500),(419,6,'Normal',1500),(419,7,'Normal',1200),(419,8,'Normal',2000),(419,9,'Normal',1250),(419,10,'Normal',1500),(420,1,'Normal',1500),(420,2,'Normal',2500),(420,3,'Normal',2500),(420,4,'Normal',1500),(420,5,'Normal',2500),(420,6,'Normal',1500),(420,7,'Normal',1200),(420,8,'Normal',2000),(420,9,'Normal',1250),(420,10,'Normal',1500),(421,1,'Normal',1500),(421,2,'Normal',2500),(421,3,'Normal',2500),(421,4,'Normal',1500),(421,5,'Normal',2500),(421,6,'Normal',1500),(421,7,'Normal',1200),(421,8,'Normal',2000),(421,9,'Normal',1250),(421,10,'Normal',1500),(422,1,'Normal',1500),(422,2,'Normal',2500),(422,3,'Normal',2500),(422,4,'Normal',1500),(422,5,'Normal',2500),(422,6,'Normal',1500),(422,7,'Normal',1200),(422,8,'Normal',2000),(422,9,'Normal',1250),(422,10,'Normal',1500),(423,1,'Normal',1500),(423,2,'Normal',2500),(423,3,'Normal',2500),(423,4,'Normal',1500),(423,5,'Normal',2500),(423,6,'Normal',1500),(423,7,'Normal',1200),(423,8,'Normal',2000),(423,9,'Normal',1250),(423,10,'Normal',1500),(424,1,'Normal',1500),(424,2,'Normal',2500),(424,3,'Normal',2500),(424,4,'Normal',1500),(424,5,'Normal',2500),(424,6,'Normal',1500),(424,7,'Normal',1200),(424,8,'Normal',2000),(424,9,'Normal',1250),(424,10,'Normal',1500),(425,1,'Normal',1500),(425,2,'Normal',2500),(425,3,'Normal',2500),(425,4,'Normal',1500),(425,5,'Normal',2500),(425,6,'Normal',1500),(425,7,'Normal',1200),(425,8,'Normal',2000),(425,9,'Normal',1250),(425,10,'Normal',1500),(426,1,'Normal',1500),(426,2,'Normal',2500),(426,3,'Normal',2500),(426,4,'Normal',1500),(426,5,'Normal',2500),(426,6,'Normal',1500),(426,7,'Normal',1200),(426,8,'Normal',2000),(426,9,'Normal',1250),(426,10,'Normal',1500),(427,1,'Normal',1500),(427,2,'Normal',2500),(427,3,'Normal',2500),(427,4,'Normal',1500),(427,5,'Normal',2500),(427,6,'Normal',1500),(427,7,'Normal',1200),(427,8,'Normal',2000),(427,9,'Normal',1250),(427,10,'Normal',1500),(428,1,'Normal',1500),(428,2,'Normal',2500),(428,3,'Normal',2500),(428,4,'Normal',1500),(428,5,'Normal',2500),(428,6,'Normal',1500),(428,7,'Normal',1200),(428,8,'Normal',2000),(428,9,'Normal',1250),(428,10,'Normal',1500),(429,1,'Normal',1500),(429,2,'Normal',2500),(429,3,'Normal',2500),(429,4,'Normal',1500),(429,5,'Normal',2500),(429,6,'Normal',1500),(429,7,'Normal',1200),(429,8,'Normal',2000),(429,9,'Normal',1250),(429,10,'Normal',1500),(430,1,'Normal',1500),(430,2,'Normal',2500),(430,3,'Normal',2500),(430,4,'Normal',1500),(430,5,'Normal',2500),(430,6,'Normal',1500),(430,7,'Normal',1200),(430,8,'Normal',2000),(430,9,'Normal',1250),(430,10,'Normal',1500),(431,1,'Normal',1500),(431,2,'Normal',2500),(431,3,'Normal',2500),(431,4,'Normal',1500),(431,5,'Normal',2500),(431,6,'Normal',1500),(431,7,'Normal',1200),(431,8,'Normal',2000),(431,9,'Normal',1250),(431,10,'Normal',1500),(432,1,'Normal',1500),(432,2,'Normal',2500),(432,3,'Normal',2500),(432,4,'Normal',1500),(432,5,'Normal',2500),(432,6,'Normal',1500),(432,7,'Normal',1200),(432,8,'Normal',2000),(432,9,'Normal',1250),(432,10,'Normal',1500),(433,1,'Normal',1500),(433,2,'Normal',2500),(433,3,'Normal',2500),(433,4,'Normal',1500),(433,5,'Normal',2500),(433,6,'Normal',1500),(433,7,'Normal',1200),(433,8,'Normal',2000),(433,9,'Normal',1250),(433,10,'Normal',1500),(434,1,'Normal',1500),(434,2,'Normal',2500),(434,3,'Normal',2500),(434,4,'Normal',1500),(434,5,'Normal',2500),(434,6,'Normal',1500),(434,7,'Normal',1200),(434,8,'Normal',2000),(434,9,'Normal',1250),(434,10,'Normal',1500),(435,1,'Normal',1500),(435,2,'Normal',2500),(435,3,'Normal',2500),(435,4,'Normal',1500),(435,5,'Normal',2500),(435,6,'Normal',1500),(435,7,'Normal',1200),(435,8,'Normal',2000),(435,9,'Normal',1250),(435,10,'Normal',1500),(436,1,'Normal',1500),(436,2,'Normal',2500),(436,3,'Normal',2500),(436,4,'Normal',1500),(436,5,'Normal',2500),(436,6,'Normal',1500),(436,7,'Normal',1200),(436,8,'Normal',2000),(436,9,'Normal',1250),(436,10,'Normal',1500),(437,1,'Normal',1500),(437,2,'Normal',2500),(437,3,'Normal',2500),(437,4,'Normal',1500),(437,5,'Normal',2500),(437,6,'Normal',1500),(437,7,'Normal',1200),(437,8,'Normal',2000),(437,9,'Normal',1250),(437,10,'Normal',1500),(438,1,'Normal',1500),(438,2,'Normal',2500),(438,3,'Normal',2500),(438,4,'Normal',1500),(438,5,'Normal',2500),(438,6,'Normal',1500),(438,7,'Normal',1200),(438,8,'Normal',2000),(438,9,'Normal',1250),(438,10,'Normal',1500),(439,1,'Normal',1500),(439,2,'Normal',2500),(439,3,'Normal',2500),(439,4,'Normal',1500),(439,5,'Normal',2500),(439,6,'Normal',1500),(439,7,'Normal',1200),(439,8,'Normal',2000),(439,9,'Normal',1250),(439,10,'Normal',1500),(440,1,'Normal',1500),(440,2,'Normal',2500),(440,3,'Normal',2500),(440,4,'Normal',1500),(440,5,'Normal',2500),(440,6,'Normal',1500),(440,7,'Normal',1200),(440,8,'Normal',2000),(440,9,'Normal',1250),(440,10,'Normal',1500),(441,1,'Normal',1500),(441,2,'Normal',2500),(441,3,'Normal',2500),(441,4,'Normal',1500),(441,5,'Normal',2500),(441,6,'Normal',1500),(441,7,'Normal',1200),(441,8,'Normal',2000),(441,9,'Normal',1250),(441,10,'Normal',1500),(442,1,'Normal',1500),(442,2,'Normal',2500),(442,3,'Normal',2500),(442,4,'Normal',1500),(442,5,'Normal',2500),(442,6,'Normal',1500),(442,7,'Normal',1200),(442,8,'Normal',2000),(442,9,'Normal',1250),(442,10,'Normal',1500),(443,1,'Normal',1500),(443,2,'Normal',2500),(443,3,'Normal',2500),(443,4,'Normal',1500),(443,5,'Normal',2500),(443,6,'Normal',1500),(443,7,'Normal',1200),(443,8,'Normal',2000),(443,9,'Normal',1250),(443,10,'Normal',1500),(444,1,'Normal',1500),(444,2,'Normal',2500),(444,3,'Normal',2500),(444,4,'Normal',1500),(444,5,'Normal',2500),(444,6,'Normal',1500),(444,7,'Normal',1200),(444,8,'Normal',2000),(444,9,'Normal',1250),(444,10,'Normal',1500),(445,1,'Normal',1500),(445,2,'Normal',2500),(445,3,'Normal',2500),(445,4,'Normal',1500),(445,5,'Normal',2500),(445,6,'Normal',1500),(445,7,'Normal',1200),(445,8,'Normal',2000),(445,9,'Normal',1250),(445,10,'Normal',1500),(446,1,'Normal',1500),(446,2,'Normal',2500),(446,3,'Normal',2500),(446,4,'Normal',1500),(446,5,'Normal',2500),(446,6,'Normal',1500),(446,7,'Normal',1200),(446,8,'Normal',2000),(446,9,'Normal',1250),(446,10,'Normal',1500),(447,1,'Normal',1500),(447,2,'Normal',2500),(447,3,'Normal',2500),(447,4,'Normal',1500),(447,5,'Normal',2500),(447,6,'Normal',1500),(447,7,'Normal',1200),(447,8,'Normal',2000),(447,9,'Normal',1250),(447,10,'Normal',1500),(448,1,'Normal',1500),(448,2,'Normal',2500),(448,3,'Normal',2500),(448,4,'Normal',1500),(448,5,'Normal',2500),(448,6,'Normal',1500),(448,7,'Normal',1200),(448,8,'Normal',2000),(448,9,'Normal',1250),(448,10,'Normal',1500),(449,1,'Normal',1500),(449,2,'Normal',2500),(449,3,'Normal',2500),(449,4,'Normal',1500),(449,5,'Normal',2500),(449,6,'Normal',1500),(449,7,'Normal',1200),(449,8,'Normal',2000),(449,9,'Normal',1250),(449,10,'Normal',1500),(450,1,'Normal',1500),(450,2,'Normal',2500),(450,3,'Normal',2500),(450,4,'Normal',1500),(450,5,'Normal',2500),(450,6,'Normal',1500),(450,7,'Normal',1200),(450,8,'Normal',2000),(450,9,'Normal',1250),(450,10,'Normal',1500),(451,1,'Premium',5000),(451,2,'Premium',7500),(451,3,'Premium',6500),(451,4,'Premium',4500),(451,5,'Premium',6500),(451,6,'Premium',4500),(451,7,'Premium',5000),(451,8,'Premium',5000),(451,9,'Premium',4000),(451,10,'Premium',5000),(452,1,'Premium',5000),(452,2,'Premium',7500),(452,3,'Premium',6500),(452,4,'Premium',4500),(452,5,'Premium',6500),(452,6,'Premium',4500),(452,7,'Premium',5000),(452,8,'Premium',5000),(452,9,'Premium',4000),(452,10,'Premium',5000),(453,1,'Premium',5000),(453,2,'Premium',7500),(453,3,'Premium',6500),(453,4,'Premium',4500),(453,5,'Premium',6500),(453,6,'Premium',4500),(453,7,'Premium',5000),(453,8,'Premium',5000),(453,9,'Premium',4000),(453,10,'Premium',5000),(454,1,'Premium',5000),(454,2,'Premium',7500),(454,3,'Premium',6500),(454,4,'Premium',4500),(454,5,'Premium',6500),(454,6,'Premium',4500),(454,7,'Premium',5000),(454,8,'Premium',5000),(454,9,'Premium',4000),(454,10,'Premium',5000),(455,1,'Premium',5000),(455,2,'Premium',7500),(455,3,'Premium',6500),(455,4,'Premium',4500),(455,5,'Premium',6500),(455,6,'Premium',4500),(455,7,'Premium',5000),(455,8,'Premium',5000),(455,9,'Premium',4000),(455,10,'Premium',5000),(456,1,'Premium',5000),(456,2,'Premium',7500),(456,3,'Premium',6500),(456,4,'Premium',4500),(456,5,'Premium',6500),(456,6,'Premium',4500),(456,7,'Premium',5000),(456,8,'Premium',5000),(456,9,'Premium',4000),(456,10,'Premium',5000),(457,1,'Premium',5000),(457,2,'Premium',7500),(457,3,'Premium',6500),(457,4,'Premium',4500),(457,5,'Premium',6500),(457,6,'Premium',4500),(457,7,'Premium',5000),(457,8,'Premium',5000),(457,9,'Premium',4000),(457,10,'Premium',5000),(458,1,'Premium',5000),(458,2,'Premium',7500),(458,3,'Premium',6500),(458,4,'Premium',4500),(458,5,'Premium',6500),(458,6,'Premium',4500),(458,7,'Premium',5000),(458,8,'Premium',5000),(458,9,'Premium',4000),(458,10,'Premium',5000),(459,1,'Premium',5000),(459,2,'Premium',7500),(459,3,'Premium',6500),(459,4,'Premium',4500),(459,5,'Premium',6500),(459,6,'Premium',4500),(459,7,'Premium',5000),(459,8,'Premium',5000),(459,9,'Premium',4000),(459,10,'Premium',5000),(460,1,'Premium',5000),(460,2,'Premium',7500),(460,3,'Premium',6500),(460,4,'Premium',4500),(460,5,'Premium',6500),(460,6,'Premium',4500),(460,7,'Premium',5000),(460,8,'Premium',5000),(460,9,'Premium',4000),(460,10,'Premium',5000),(461,1,'Premium',5000),(461,2,'Premium',7500),(461,3,'Premium',6500),(461,4,'Premium',4500),(461,5,'Premium',6500),(461,6,'Premium',4500),(461,7,'Premium',5000),(461,8,'Premium',5000),(461,9,'Premium',4000),(461,10,'Premium',5000),(462,1,'Premium',5000),(462,2,'Premium',7500),(462,3,'Premium',6500),(462,4,'Premium',4500),(462,5,'Premium',6500),(462,6,'Premium',4500),(462,7,'Premium',5000),(462,8,'Premium',5000),(462,9,'Premium',4000),(462,10,'Premium',5000),(463,1,'Premium',5000),(463,2,'Premium',7500),(463,3,'Premium',6500),(463,4,'Premium',4500),(463,5,'Premium',6500),(463,6,'Premium',4500),(463,7,'Premium',5000),(463,8,'Premium',5000),(463,9,'Premium',4000),(463,10,'Premium',5000),(464,1,'Premium',5000),(464,2,'Premium',7500),(464,3,'Premium',6500),(464,4,'Premium',4500),(464,5,'Premium',6500),(464,6,'Premium',4500),(464,7,'Premium',5000),(464,8,'Premium',5000),(464,9,'Premium',4000),(464,10,'Premium',5000),(465,1,'Premium',5000),(465,2,'Premium',7500),(465,3,'Premium',6500),(465,4,'Premium',4500),(465,5,'Premium',6500),(465,6,'Premium',4500),(465,7,'Premium',5000),(465,8,'Premium',5000),(465,9,'Premium',4000),(465,10,'Premium',5000),(466,1,'Premium',5000),(466,2,'Premium',7500),(466,3,'Premium',6500),(466,4,'Premium',4500),(466,5,'Premium',6500),(466,6,'Premium',4500),(466,7,'Premium',5000),(466,8,'Premium',5000),(466,9,'Premium',4000),(466,10,'Premium',5000),(467,1,'Premium',5000),(467,2,'Premium',7500),(467,3,'Premium',6500),(467,4,'Premium',4500),(467,5,'Premium',6500),(467,6,'Premium',4500),(467,7,'Premium',5000),(467,8,'Premium',5000),(467,9,'Premium',4000),(467,10,'Premium',5000),(468,1,'Premium',5000),(468,2,'Premium',7500),(468,3,'Premium',6500),(468,4,'Premium',4500),(468,5,'Premium',6500),(468,6,'Premium',4500),(468,7,'Premium',5000),(468,8,'Premium',5000),(468,9,'Premium',4000),(468,10,'Premium',5000),(469,1,'Premium',5000),(469,2,'Premium',7500),(469,3,'Premium',6500),(469,4,'Premium',4500),(469,5,'Premium',6500),(469,6,'Premium',4500),(469,7,'Premium',5000),(469,8,'Premium',5000),(469,9,'Premium',4000),(469,10,'Premium',5000),(470,1,'Premium',5000),(470,2,'Premium',7500),(470,3,'Premium',6500),(470,4,'Premium',4500),(470,5,'Premium',6500),(470,6,'Premium',4500),(470,7,'Premium',5000),(470,8,'Premium',5000),(470,9,'Premium',4000),(470,10,'Premium',5000),(471,1,'Premium',5000),(471,2,'Premium',7500),(471,3,'Premium',6500),(471,4,'Premium',4500),(471,5,'Premium',6500),(471,6,'Premium',4500),(471,7,'Premium',5000),(471,8,'Premium',5000),(471,9,'Premium',4000),(471,10,'Premium',5000),(472,1,'Premium',5000),(472,2,'Premium',7500),(472,3,'Premium',6500),(472,4,'Premium',4500),(472,5,'Premium',6500),(472,6,'Premium',4500),(472,7,'Premium',5000),(472,8,'Premium',5000),(472,9,'Premium',4000),(472,10,'Premium',5000),(473,1,'Premium',5000),(473,2,'Premium',7500),(473,3,'Premium',6500),(473,4,'Premium',4500),(473,5,'Premium',6500),(473,6,'Premium',4500),(473,7,'Premium',5000),(473,8,'Premium',5000),(473,9,'Premium',4000),(473,10,'Premium',5000),(474,1,'Premium',5000),(474,2,'Premium',7500),(474,3,'Premium',6500),(474,4,'Premium',4500),(474,5,'Premium',6500),(474,6,'Premium',4500),(474,7,'Premium',5000),(474,8,'Premium',5000),(474,9,'Premium',4000),(474,10,'Premium',5000),(475,1,'Premium',5000),(475,2,'Premium',7500),(475,3,'Premium',6500),(475,4,'Premium',4500),(475,5,'Premium',6500),(475,6,'Premium',4500),(475,7,'Premium',5000),(475,8,'Premium',5000),(475,9,'Premium',4000),(475,10,'Premium',5000),(476,1,'Premium',5000),(476,2,'Premium',7500),(476,3,'Premium',6500),(476,4,'Premium',4500),(476,5,'Premium',6500),(476,6,'Premium',4500),(476,7,'Premium',5000),(476,8,'Premium',5000),(476,9,'Premium',4000),(476,10,'Premium',5000),(477,1,'Premium',5000),(477,2,'Premium',7500),(477,3,'Premium',6500),(477,4,'Premium',4500),(477,5,'Premium',6500),(477,6,'Premium',4500),(477,7,'Premium',5000),(477,8,'Premium',5000),(477,9,'Premium',4000),(477,10,'Premium',5000),(478,1,'Premium',5000),(478,2,'Premium',7500),(478,3,'Premium',6500),(478,4,'Premium',4500),(478,5,'Premium',6500),(478,6,'Premium',4500),(478,7,'Premium',5000),(478,8,'Premium',5000),(478,9,'Premium',4000),(478,10,'Premium',5000),(479,1,'Premium',5000),(479,2,'Premium',7500),(479,3,'Premium',6500),(479,4,'Premium',4500),(479,5,'Premium',6500),(479,6,'Premium',4500),(479,7,'Premium',5000),(479,8,'Premium',5000),(479,9,'Premium',4000),(479,10,'Premium',5000),(480,1,'Premium',5000),(480,2,'Premium',7500),(480,3,'Premium',6500),(480,4,'Premium',4500),(480,5,'Premium',6500),(480,6,'Premium',4500),(480,7,'Premium',5000),(480,8,'Premium',5000),(480,9,'Premium',4000),(480,10,'Premium',5000),(481,1,'Premium',5000),(481,2,'Premium',7500),(481,3,'Premium',6500),(481,4,'Premium',4500),(481,5,'Premium',6500),(481,6,'Premium',4500),(481,7,'Premium',5000),(481,8,'Premium',5000),(481,9,'Premium',4000),(481,10,'Premium',5000),(482,1,'Premium',5000),(482,2,'Premium',7500),(482,3,'Premium',6500),(482,4,'Premium',4500),(482,5,'Premium',6500),(482,6,'Premium',4500),(482,7,'Premium',5000),(482,8,'Premium',5000),(482,9,'Premium',4000),(482,10,'Premium',5000),(483,1,'Premium',5000),(483,2,'Premium',7500),(483,3,'Premium',6500),(483,4,'Premium',4500),(483,5,'Premium',6500),(483,6,'Premium',4500),(483,7,'Premium',5000),(483,8,'Premium',5000),(483,9,'Premium',4000),(483,10,'Premium',5000),(484,1,'Premium',5000),(484,2,'Premium',7500),(484,3,'Premium',6500),(484,4,'Premium',4500),(484,5,'Premium',6500),(484,6,'Premium',4500),(484,7,'Premium',5000),(484,8,'Premium',5000),(484,9,'Premium',4000),(484,10,'Premium',5000),(485,1,'Premium',5000),(485,2,'Premium',7500),(485,3,'Premium',6500),(485,4,'Premium',4500),(485,5,'Premium',6500),(485,6,'Premium',4500),(485,7,'Premium',5000),(485,8,'Premium',5000),(485,9,'Premium',4000),(485,10,'Premium',5000),(486,1,'Premium',5000),(486,2,'Premium',7500),(486,3,'Premium',6500),(486,4,'Premium',4500),(486,5,'Premium',6500),(486,6,'Premium',4500),(486,7,'Premium',5000),(486,8,'Premium',5000),(486,9,'Premium',4000),(486,10,'Premium',5000),(487,1,'Premium',5000),(487,2,'Premium',7500),(487,3,'Premium',6500),(487,4,'Premium',4500),(487,5,'Premium',6500),(487,6,'Premium',4500),(487,7,'Premium',5000),(487,8,'Premium',5000),(487,9,'Premium',4000),(487,10,'Premium',5000),(488,1,'Premium',5000),(488,2,'Premium',7500),(488,3,'Premium',6500),(488,4,'Premium',4500),(488,5,'Premium',6500),(488,6,'Premium',4500),(488,7,'Premium',5000),(488,8,'Premium',5000),(488,9,'Premium',4000),(488,10,'Premium',5000),(489,1,'Premium',5000),(489,2,'Premium',7500),(489,3,'Premium',6500),(489,4,'Premium',4500),(489,5,'Premium',6500),(489,6,'Premium',4500),(489,7,'Premium',5000),(489,8,'Premium',5000),(489,9,'Premium',4000),(489,10,'Premium',5000),(490,1,'Premium',5000),(490,2,'Premium',7500),(490,3,'Premium',6500),(490,4,'Premium',4500),(490,5,'Premium',6500),(490,6,'Premium',4500),(490,7,'Premium',5000),(490,8,'Premium',5000),(490,9,'Premium',4000),(490,10,'Premium',5000),(491,1,'Premium',5000),(491,2,'Premium',7500),(491,3,'Premium',6500),(491,4,'Premium',4500),(491,5,'Premium',6500),(491,6,'Premium',4500),(491,7,'Premium',5000),(491,8,'Premium',5000),(491,9,'Premium',4000),(491,10,'Premium',5000),(492,1,'Premium',5000),(492,2,'Premium',7500),(492,3,'Premium',6500),(492,4,'Premium',4500),(492,5,'Premium',6500),(492,6,'Premium',4500),(492,7,'Premium',5000),(492,8,'Premium',5000),(492,9,'Premium',4000),(492,10,'Premium',5000),(493,1,'Premium',5000),(493,2,'Premium',7500),(493,3,'Premium',6500),(493,4,'Premium',4500),(493,5,'Premium',6500),(493,6,'Premium',4500),(493,7,'Premium',5000),(493,8,'Premium',5000),(493,9,'Premium',4000),(493,10,'Premium',5000),(494,1,'Premium',5000),(494,2,'Premium',7500),(494,3,'Premium',6500),(494,4,'Premium',4500),(494,5,'Premium',6500),(494,6,'Premium',4500),(494,7,'Premium',5000),(494,8,'Premium',5000),(494,9,'Premium',4000),(494,10,'Premium',5000),(495,1,'Premium',5000),(495,2,'Premium',7500),(495,3,'Premium',6500),(495,4,'Premium',4500),(495,5,'Premium',6500),(495,6,'Premium',4500),(495,7,'Premium',5000),(495,8,'Premium',5000),(495,9,'Premium',4000),(495,10,'Premium',5000),(496,1,'Normal',1500),(496,2,'Normal',2500),(496,3,'Normal',2500),(496,4,'Normal',1500),(496,5,'Normal',2500),(496,6,'Normal',1500),(496,7,'Normal',1200),(496,8,'Normal',2000),(496,9,'Normal',1250),(496,10,'Normal',1500),(497,1,'Normal',1500),(497,2,'Normal',2500),(497,3,'Normal',2500),(497,4,'Normal',1500),(497,5,'Normal',2500),(497,6,'Normal',1500),(497,7,'Normal',1200),(497,8,'Normal',2000),(497,9,'Normal',1250),(497,10,'Normal',1500),(498,1,'Normal',1500),(498,2,'Normal',2500),(498,3,'Normal',2500),(498,4,'Normal',1500),(498,5,'Normal',2500),(498,6,'Normal',1500),(498,7,'Normal',1200),(498,8,'Normal',2000),(498,9,'Normal',1250),(498,10,'Normal',1500),(499,1,'Normal',1500),(499,2,'Normal',2500),(499,3,'Normal',2500),(499,4,'Normal',1500),(499,5,'Normal',2500),(499,6,'Normal',1500),(499,7,'Normal',1200),(499,8,'Normal',2000),(499,9,'Normal',1250),(499,10,'Normal',1500),(500,1,'Normal',1500),(500,2,'Normal',2500),(500,3,'Normal',2500),(500,4,'Normal',1500),(500,5,'Normal',2500),(500,6,'Normal',1500),(500,7,'Normal',1200),(500,8,'Normal',2000),(500,9,'Normal',1250),(500,10,'Normal',1500),(501,1,'Normal',1500),(501,2,'Normal',2500),(501,3,'Normal',2500),(501,4,'Normal',1500),(501,5,'Normal',2500),(501,6,'Normal',1500),(501,7,'Normal',1200),(501,8,'Normal',2000),(501,9,'Normal',1250),(501,10,'Normal',1500),(502,1,'Normal',1500),(502,2,'Normal',2500),(502,3,'Normal',2500),(502,4,'Normal',1500),(502,5,'Normal',2500),(502,6,'Normal',1500),(502,7,'Normal',1200),(502,8,'Normal',2000),(502,9,'Normal',1250),(502,10,'Normal',1500),(503,1,'Normal',1500),(503,2,'Normal',2500),(503,3,'Normal',2500),(503,4,'Normal',1500),(503,5,'Normal',2500),(503,6,'Normal',1500),(503,7,'Normal',1200),(503,8,'Normal',2000),(503,9,'Normal',1250),(503,10,'Normal',1500),(504,1,'Normal',1500),(504,2,'Normal',2500),(504,3,'Normal',2500),(504,4,'Normal',1500),(504,5,'Normal',2500),(504,6,'Normal',1500),(504,7,'Normal',1200),(504,8,'Normal',2000),(504,9,'Normal',1250),(504,10,'Normal',1500),(505,1,'Normal',1500),(505,2,'Normal',2500),(505,3,'Normal',2500),(505,4,'Normal',1500),(505,5,'Normal',2500),(505,6,'Normal',1500),(505,7,'Normal',1200),(505,8,'Normal',2000),(505,9,'Normal',1250),(505,10,'Normal',1500),(506,1,'Normal',1500),(506,2,'Normal',2500),(506,3,'Normal',2500),(506,4,'Normal',1500),(506,5,'Normal',2500),(506,6,'Normal',1500),(506,7,'Normal',1200),(506,8,'Normal',2000),(506,9,'Normal',1250),(506,10,'Normal',1500),(507,1,'Normal',1500),(507,2,'Normal',2500),(507,3,'Normal',2500),(507,4,'Normal',1500),(507,5,'Normal',2500),(507,6,'Normal',1500),(507,7,'Normal',1200),(507,8,'Normal',2000),(507,9,'Normal',1250),(507,10,'Normal',1500),(508,1,'Normal',1500),(508,2,'Normal',2500),(508,3,'Normal',2500),(508,4,'Normal',1500),(508,5,'Normal',2500),(508,6,'Normal',1500),(508,7,'Normal',1200),(508,8,'Normal',2000),(508,9,'Normal',1250),(508,10,'Normal',1500),(509,1,'Normal',1500),(509,2,'Normal',2500),(509,3,'Normal',2500),(509,4,'Normal',1500),(509,5,'Normal',2500),(509,6,'Normal',1500),(509,7,'Normal',1200),(509,8,'Normal',2000),(509,9,'Normal',1250),(509,10,'Normal',1500),(510,1,'Normal',1500),(510,2,'Normal',2500),(510,3,'Normal',2500),(510,4,'Normal',1500),(510,5,'Normal',2500),(510,6,'Normal',1500),(510,7,'Normal',1200),(510,8,'Normal',2000),(510,9,'Normal',1250),(510,10,'Normal',1500),(511,1,'Normal',1500),(511,2,'Normal',2500),(511,3,'Normal',2500),(511,4,'Normal',1500),(511,5,'Normal',2500),(511,6,'Normal',1500),(511,7,'Normal',1200),(511,8,'Normal',2000),(511,9,'Normal',1250),(511,10,'Normal',1500),(512,1,'Normal',1500),(512,2,'Normal',2500),(512,3,'Normal',2500),(512,4,'Normal',1500),(512,5,'Normal',2500),(512,6,'Normal',1500),(512,7,'Normal',1200),(512,8,'Normal',2000),(512,9,'Normal',1250),(512,10,'Normal',1500),(513,1,'Normal',1500),(513,2,'Normal',2500),(513,3,'Normal',2500),(513,4,'Normal',1500),(513,5,'Normal',2500),(513,6,'Normal',1500),(513,7,'Normal',1200),(513,8,'Normal',2000),(513,9,'Normal',1250),(513,10,'Normal',1500),(514,1,'Normal',1500),(514,2,'Normal',2500),(514,3,'Normal',2500),(514,4,'Normal',1500),(514,5,'Normal',2500),(514,6,'Normal',1500),(514,7,'Normal',1200),(514,8,'Normal',2000),(514,9,'Normal',1250),(514,10,'Normal',1500),(515,1,'Normal',1500),(515,2,'Normal',2500),(515,3,'Normal',2500),(515,4,'Normal',1500),(515,5,'Normal',2500),(515,6,'Normal',1500),(515,7,'Normal',1200),(515,8,'Normal',2000),(515,9,'Normal',1250),(515,10,'Normal',1500),(516,1,'Normal',1500),(516,2,'Normal',2500),(516,3,'Normal',2500),(516,4,'Normal',1500),(516,5,'Normal',2500),(516,6,'Normal',1500),(516,7,'Normal',1200),(516,8,'Normal',2000),(516,9,'Normal',1250),(516,10,'Normal',1500),(517,1,'Normal',1500),(517,2,'Normal',2500),(517,3,'Normal',2500),(517,4,'Normal',1500),(517,5,'Normal',2500),(517,6,'Normal',1500),(517,7,'Normal',1200),(517,8,'Normal',2000),(517,9,'Normal',1250),(517,10,'Normal',1500),(518,1,'Normal',1500),(518,2,'Normal',2500),(518,3,'Normal',2500),(518,4,'Normal',1500),(518,5,'Normal',2500),(518,6,'Normal',1500),(518,7,'Normal',1200),(518,8,'Normal',2000),(518,9,'Normal',1250),(518,10,'Normal',1500),(519,1,'Normal',1500),(519,2,'Normal',2500),(519,3,'Normal',2500),(519,4,'Normal',1500),(519,5,'Normal',2500),(519,6,'Normal',1500),(519,7,'Normal',1200),(519,8,'Normal',2000),(519,9,'Normal',1250),(519,10,'Normal',1500),(520,1,'Normal',1500),(520,2,'Normal',2500),(520,3,'Normal',2500),(520,4,'Normal',1500),(520,5,'Normal',2500),(520,6,'Normal',1500),(520,7,'Normal',1200),(520,8,'Normal',2000),(520,9,'Normal',1250),(520,10,'Normal',1500),(521,1,'Normal',1500),(521,2,'Normal',2500),(521,3,'Normal',2500),(521,4,'Normal',1500),(521,5,'Normal',2500),(521,6,'Normal',1500),(521,7,'Normal',1200),(521,8,'Normal',2000),(521,9,'Normal',1250),(521,10,'Normal',1500),(522,1,'Normal',1500),(522,2,'Normal',2500),(522,3,'Normal',2500),(522,4,'Normal',1500),(522,5,'Normal',2500),(522,6,'Normal',1500),(522,7,'Normal',1200),(522,8,'Normal',2000),(522,9,'Normal',1250),(522,10,'Normal',1500),(523,1,'Normal',1500),(523,2,'Normal',2500),(523,3,'Normal',2500),(523,4,'Normal',1500),(523,5,'Normal',2500),(523,6,'Normal',1500),(523,7,'Normal',1200),(523,8,'Normal',2000),(523,9,'Normal',1250),(523,10,'Normal',1500),(524,1,'Normal',1500),(524,2,'Normal',2500),(524,3,'Normal',2500),(524,4,'Normal',1500),(524,5,'Normal',2500),(524,6,'Normal',1500),(524,7,'Normal',1200),(524,8,'Normal',2000),(524,9,'Normal',1250),(524,10,'Normal',1500),(525,1,'Normal',1500),(525,2,'Normal',2500),(525,3,'Normal',2500),(525,4,'Normal',1500),(525,5,'Normal',2500),(525,6,'Normal',1500),(525,7,'Normal',1200),(525,8,'Normal',2000),(525,9,'Normal',1250),(525,10,'Normal',1500),(526,1,'Normal',1500),(526,2,'Normal',2500),(526,3,'Normal',2500),(526,4,'Normal',1500),(526,5,'Normal',2500),(526,6,'Normal',1500),(526,7,'Normal',1200),(526,8,'Normal',2000),(526,9,'Normal',1250),(526,10,'Normal',1500),(527,1,'Normal',1500),(527,2,'Normal',2500),(527,3,'Normal',2500),(527,4,'Normal',1500),(527,5,'Normal',2500),(527,6,'Normal',1500),(527,7,'Normal',1200),(527,8,'Normal',2000),(527,9,'Normal',1250),(527,10,'Normal',1500),(528,1,'Normal',1500),(528,2,'Normal',2500),(528,3,'Normal',2500),(528,4,'Normal',1500),(528,5,'Normal',2500),(528,6,'Normal',1500),(528,7,'Normal',1200),(528,8,'Normal',2000),(528,9,'Normal',1250),(528,10,'Normal',1500),(529,1,'Normal',1500),(529,2,'Normal',2500),(529,3,'Normal',2500),(529,4,'Normal',1500),(529,5,'Normal',2500),(529,6,'Normal',1500),(529,7,'Normal',1200),(529,8,'Normal',2000),(529,9,'Normal',1250),(529,10,'Normal',1500),(530,1,'Normal',1500),(530,2,'Normal',2500),(530,3,'Normal',2500),(530,4,'Normal',1500),(530,5,'Normal',2500),(530,6,'Normal',1500),(530,7,'Normal',1200),(530,8,'Normal',2000),(530,9,'Normal',1250),(530,10,'Normal',1500),(531,1,'Normal',1500),(531,2,'Normal',2500),(531,3,'Normal',2500),(531,4,'Normal',1500),(531,5,'Normal',2500),(531,6,'Normal',1500),(531,7,'Normal',1200),(531,8,'Normal',2000),(531,9,'Normal',1250),(531,10,'Normal',1500),(532,1,'Normal',1500),(532,2,'Normal',2500),(532,3,'Normal',2500),(532,4,'Normal',1500),(532,5,'Normal',2500),(532,6,'Normal',1500),(532,7,'Normal',1200),(532,8,'Normal',2000),(532,9,'Normal',1250),(532,10,'Normal',1500),(533,1,'Normal',1500),(533,2,'Normal',2500),(533,3,'Normal',2500),(533,4,'Normal',1500),(533,5,'Normal',2500),(533,6,'Normal',1500),(533,7,'Normal',1200),(533,8,'Normal',2000),(533,9,'Normal',1250),(533,10,'Normal',1500),(534,1,'Normal',1500),(534,2,'Normal',2500),(534,3,'Normal',2500),(534,4,'Normal',1500),(534,5,'Normal',2500),(534,6,'Normal',1500),(534,7,'Normal',1200),(534,8,'Normal',2000),(534,9,'Normal',1250),(534,10,'Normal',1500),(535,1,'Normal',1500),(535,2,'Normal',2500),(535,3,'Normal',2500),(535,4,'Normal',1500),(535,5,'Normal',2500),(535,6,'Normal',1500),(535,7,'Normal',1200),(535,8,'Normal',2000),(535,9,'Normal',1250),(535,10,'Normal',1500),(536,1,'Normal',1500),(536,2,'Normal',2500),(536,3,'Normal',2500),(536,4,'Normal',1500),(536,5,'Normal',2500),(536,6,'Normal',1500),(536,7,'Normal',1200),(536,8,'Normal',2000),(536,9,'Normal',1250),(536,10,'Normal',1500),(537,1,'Normal',1500),(537,2,'Normal',2500),(537,3,'Normal',2500),(537,4,'Normal',1500),(537,5,'Normal',2500),(537,6,'Normal',1500),(537,7,'Normal',1200),(537,8,'Normal',2000),(537,9,'Normal',1250),(537,10,'Normal',1500),(538,1,'Normal',1500),(538,2,'Normal',2500),(538,3,'Normal',2500),(538,4,'Normal',1500),(538,5,'Normal',2500),(538,6,'Normal',1500),(538,7,'Normal',1200),(538,8,'Normal',2000),(538,9,'Normal',1250),(538,10,'Normal',1500),(539,1,'Normal',1500),(539,2,'Normal',2500),(539,3,'Normal',2500),(539,4,'Normal',1500),(539,5,'Normal',2500),(539,6,'Normal',1500),(539,7,'Normal',1200),(539,8,'Normal',2000),(539,9,'Normal',1250),(539,10,'Normal',1500),(540,1,'Normal',1500),(540,2,'Normal',2500),(540,3,'Normal',2500),(540,4,'Normal',1500),(540,5,'Normal',2500),(540,6,'Normal',1500),(540,7,'Normal',1200),(540,8,'Normal',2000),(540,9,'Normal',1250),(540,10,'Normal',1500),(541,1,'Normal',1500),(541,2,'Normal',2500),(541,3,'Normal',2500),(541,4,'Normal',1500),(541,5,'Normal',2500),(541,6,'Normal',1500),(541,7,'Normal',1200),(541,8,'Normal',2000),(541,9,'Normal',1250),(541,10,'Normal',1500),(542,1,'Normal',1500),(542,2,'Normal',2500),(542,3,'Normal',2500),(542,4,'Normal',1500),(542,5,'Normal',2500),(542,6,'Normal',1500),(542,7,'Normal',1200),(542,8,'Normal',2000),(542,9,'Normal',1250),(542,10,'Normal',1500),(543,1,'Normal',1500),(543,2,'Normal',2500),(543,3,'Normal',2500),(543,4,'Normal',1500),(543,5,'Normal',2500),(543,6,'Normal',1500),(543,7,'Normal',1200),(543,8,'Normal',2000),(543,9,'Normal',1250),(543,10,'Normal',1500),(544,1,'Normal',1500),(544,2,'Normal',2500),(544,3,'Normal',2500),(544,4,'Normal',1500),(544,5,'Normal',2500),(544,6,'Normal',1500),(544,7,'Normal',1200),(544,8,'Normal',2000),(544,9,'Normal',1250),(544,10,'Normal',1500),(545,1,'Normal',1500),(545,2,'Normal',2500),(545,3,'Normal',2500),(545,4,'Normal',1500),(545,5,'Normal',2500),(545,6,'Normal',1500),(545,7,'Normal',1200),(545,8,'Normal',2000),(545,9,'Normal',1250),(545,10,'Normal',1500),(546,1,'Normal',1500),(546,2,'Normal',2500),(546,3,'Normal',2500),(546,4,'Normal',1500),(546,5,'Normal',2500),(546,6,'Normal',1500),(546,7,'Normal',1200),(546,8,'Normal',2000),(546,9,'Normal',1250),(546,10,'Normal',1500),(547,1,'Normal',1500),(547,2,'Normal',2500),(547,3,'Normal',2500),(547,4,'Normal',1500),(547,5,'Normal',2500),(547,6,'Normal',1500),(547,7,'Normal',1200),(547,8,'Normal',2000),(547,9,'Normal',1250),(547,10,'Normal',1500),(548,1,'Normal',1500),(548,2,'Normal',2500),(548,3,'Normal',2500),(548,4,'Normal',1500),(548,5,'Normal',2500),(548,6,'Normal',1500),(548,7,'Normal',1200),(548,8,'Normal',2000),(548,9,'Normal',1250),(548,10,'Normal',1500),(549,1,'Normal',1500),(549,2,'Normal',2500),(549,3,'Normal',2500),(549,4,'Normal',1500),(549,5,'Normal',2500),(549,6,'Normal',1500),(549,7,'Normal',1200),(549,8,'Normal',2000),(549,9,'Normal',1250),(549,10,'Normal',1500),(550,1,'Normal',1500),(550,2,'Normal',2500),(550,3,'Normal',2500),(550,4,'Normal',1500),(550,5,'Normal',2500),(550,6,'Normal',1500),(550,7,'Normal',1200),(550,8,'Normal',2000),(550,9,'Normal',1250),(550,10,'Normal',1500),(551,1,'Normal',1500),(551,2,'Normal',2500),(551,3,'Normal',2500),(551,4,'Normal',1500),(551,5,'Normal',2500),(551,6,'Normal',1500),(551,7,'Normal',1200),(551,8,'Normal',2000),(551,9,'Normal',1250),(551,10,'Normal',1500),(552,1,'Normal',1500),(552,2,'Normal',2500),(552,3,'Normal',2500),(552,4,'Normal',1500),(552,5,'Normal',2500),(552,6,'Normal',1500),(552,7,'Normal',1200),(552,8,'Normal',2000),(552,9,'Normal',1250),(552,10,'Normal',1500),(553,1,'Normal',1500),(553,2,'Normal',2500),(553,3,'Normal',2500),(553,4,'Normal',1500),(553,5,'Normal',2500),(553,6,'Normal',1500),(553,7,'Normal',1200),(553,8,'Normal',2000),(553,9,'Normal',1250),(553,10,'Normal',1500),(554,1,'Normal',1500),(554,2,'Normal',2500),(554,3,'Normal',2500),(554,4,'Normal',1500),(554,5,'Normal',2500),(554,6,'Normal',1500),(554,7,'Normal',1200),(554,8,'Normal',2000),(554,9,'Normal',1250),(554,10,'Normal',1500),(555,1,'Normal',1500),(555,2,'Normal',2500),(555,3,'Normal',2500),(555,4,'Normal',1500),(555,5,'Normal',2500),(555,6,'Normal',1500),(555,7,'Normal',1200),(555,8,'Normal',2000),(555,9,'Normal',1250),(555,10,'Normal',1500),(556,1,'Normal',1500),(556,2,'Normal',2500),(556,3,'Normal',2500),(556,4,'Normal',1500),(556,5,'Normal',2500),(556,6,'Normal',1500),(556,7,'Normal',1200),(556,8,'Normal',2000),(556,9,'Normal',1250),(556,10,'Normal',1500),(557,1,'Normal',1500),(557,2,'Normal',2500),(557,3,'Normal',2500),(557,4,'Normal',1500),(557,5,'Normal',2500),(557,6,'Normal',1500),(557,7,'Normal',1200),(557,8,'Normal',2000),(557,9,'Normal',1250),(557,10,'Normal',1500),(558,1,'Normal',1500),(558,2,'Normal',2500),(558,3,'Normal',2500),(558,4,'Normal',1500),(558,5,'Normal',2500),(558,6,'Normal',1500),(558,7,'Normal',1200),(558,8,'Normal',2000),(558,9,'Normal',1250),(558,10,'Normal',1500),(559,1,'Normal',1500),(559,2,'Normal',2500),(559,3,'Normal',2500),(559,4,'Normal',1500),(559,5,'Normal',2500),(559,6,'Normal',1500),(559,7,'Normal',1200),(559,8,'Normal',2000),(559,9,'Normal',1250),(559,10,'Normal',1500),(560,1,'Normal',1500),(560,2,'Normal',2500),(560,3,'Normal',2500),(560,4,'Normal',1500),(560,5,'Normal',2500),(560,6,'Normal',1500),(560,7,'Normal',1200),(560,8,'Normal',2000),(560,9,'Normal',1250),(560,10,'Normal',1500),(561,1,'Normal',1500),(561,2,'Normal',2500),(561,3,'Normal',2500),(561,4,'Normal',1500),(561,5,'Normal',2500),(561,6,'Normal',1500),(561,7,'Normal',1200),(561,8,'Normal',2000),(561,9,'Normal',1250),(561,10,'Normal',1500),(562,1,'Normal',1500),(562,2,'Normal',2500),(562,3,'Normal',2500),(562,4,'Normal',1500),(562,5,'Normal',2500),(562,6,'Normal',1500),(562,7,'Normal',1200),(562,8,'Normal',2000),(562,9,'Normal',1250),(562,10,'Normal',1500),(563,1,'Normal',1500),(563,2,'Normal',2500),(563,3,'Normal',2500),(563,4,'Normal',1500),(563,5,'Normal',2500),(563,6,'Normal',1500),(563,7,'Normal',1200),(563,8,'Normal',2000),(563,9,'Normal',1250),(563,10,'Normal',1500),(564,1,'Normal',1500),(564,2,'Normal',2500),(564,3,'Normal',2500),(564,4,'Normal',1500),(564,5,'Normal',2500),(564,6,'Normal',1500),(564,7,'Normal',1200),(564,8,'Normal',2000),(564,9,'Normal',1250),(564,10,'Normal',1500),(565,1,'Normal',1500),(565,2,'Normal',2500),(565,3,'Normal',2500),(565,4,'Normal',1500),(565,5,'Normal',2500),(565,6,'Normal',1500),(565,7,'Normal',1200),(565,8,'Normal',2000),(565,9,'Normal',1250),(565,10,'Normal',1500),(566,1,'Normal',1500),(566,2,'Normal',2500),(566,3,'Normal',2500),(566,4,'Normal',1500),(566,5,'Normal',2500),(566,6,'Normal',1500),(566,7,'Normal',1200),(566,8,'Normal',2000),(566,9,'Normal',1250),(566,10,'Normal',1500),(567,1,'Normal',1500),(567,2,'Normal',2500),(567,3,'Normal',2500),(567,4,'Normal',1500),(567,5,'Normal',2500),(567,6,'Normal',1500),(567,7,'Normal',1200),(567,8,'Normal',2000),(567,9,'Normal',1250),(567,10,'Normal',1500),(568,1,'Normal',1500),(568,2,'Normal',2500),(568,3,'Normal',2500),(568,4,'Normal',1500),(568,5,'Normal',2500),(568,6,'Normal',1500),(568,7,'Normal',1200),(568,8,'Normal',2000),(568,9,'Normal',1250),(568,10,'Normal',1500),(569,1,'Normal',1500),(569,2,'Normal',2500),(569,3,'Normal',2500),(569,4,'Normal',1500),(569,5,'Normal',2500),(569,6,'Normal',1500),(569,7,'Normal',1200),(569,8,'Normal',2000),(569,9,'Normal',1250),(569,10,'Normal',1500),(570,1,'Normal',1500),(570,2,'Normal',2500),(570,3,'Normal',2500),(570,4,'Normal',1500),(570,5,'Normal',2500),(570,6,'Normal',1500),(570,7,'Normal',1200),(570,8,'Normal',2000),(570,9,'Normal',1250),(570,10,'Normal',1500),(571,1,'Normal',1500),(571,2,'Normal',2500),(571,3,'Normal',2500),(571,4,'Normal',1500),(571,5,'Normal',2500),(571,6,'Normal',1500),(571,7,'Normal',1200),(571,8,'Normal',2000),(571,9,'Normal',1250),(571,10,'Normal',1500),(572,1,'Normal',1500),(572,2,'Normal',2500),(572,3,'Normal',2500),(572,4,'Normal',1500),(572,5,'Normal',2500),(572,6,'Normal',1500),(572,7,'Normal',1200),(572,8,'Normal',2000),(572,9,'Normal',1250),(572,10,'Normal',1500),(573,1,'Normal',1500),(573,2,'Normal',2500),(573,3,'Normal',2500),(573,4,'Normal',1500),(573,5,'Normal',2500),(573,6,'Normal',1500),(573,7,'Normal',1200),(573,8,'Normal',2000),(573,9,'Normal',1250),(573,10,'Normal',1500),(574,1,'Normal',1500),(574,2,'Normal',2500),(574,3,'Normal',2500),(574,4,'Normal',1500),(574,5,'Normal',2500),(574,6,'Normal',1500),(574,7,'Normal',1200),(574,8,'Normal',2000),(574,9,'Normal',1250),(574,10,'Normal',1500),(575,1,'Normal',1500),(575,2,'Normal',2500),(575,3,'Normal',2500),(575,4,'Normal',1500),(575,5,'Normal',2500),(575,6,'Normal',1500),(575,7,'Normal',1200),(575,8,'Normal',2000),(575,9,'Normal',1250),(575,10,'Normal',1500),(576,1,'Normal',1500),(576,2,'Normal',2500),(576,3,'Normal',2500),(576,4,'Normal',1500),(576,5,'Normal',2500),(576,6,'Normal',1500),(576,7,'Normal',1200),(576,8,'Normal',2000),(576,9,'Normal',1250),(576,10,'Normal',1500),(577,1,'Normal',1500),(577,2,'Normal',2500),(577,3,'Normal',2500),(577,4,'Normal',1500),(577,5,'Normal',2500),(577,6,'Normal',1500),(577,7,'Normal',1200),(577,8,'Normal',2000),(577,9,'Normal',1250),(577,10,'Normal',1500),(578,1,'Normal',1500),(578,2,'Normal',2500),(578,3,'Normal',2500),(578,4,'Normal',1500),(578,5,'Normal',2500),(578,6,'Normal',1500),(578,7,'Normal',1200),(578,8,'Normal',2000),(578,9,'Normal',1250),(578,10,'Normal',1500),(579,1,'Normal',1500),(579,2,'Normal',2500),(579,3,'Normal',2500),(579,4,'Normal',1500),(579,5,'Normal',2500),(579,6,'Normal',1500),(579,7,'Normal',1200),(579,8,'Normal',2000),(579,9,'Normal',1250),(579,10,'Normal',1500),(580,1,'Normal',1500),(580,2,'Normal',2500),(580,3,'Normal',2500),(580,4,'Normal',1500),(580,5,'Normal',2500),(580,6,'Normal',1500),(580,7,'Normal',1200),(580,8,'Normal',2000),(580,9,'Normal',1250),(580,10,'Normal',1500),(581,1,'Normal',1500),(581,2,'Normal',2500),(581,3,'Normal',2500),(581,4,'Normal',1500),(581,5,'Normal',2500),(581,6,'Normal',1500),(581,7,'Normal',1200),(581,8,'Normal',2000),(581,9,'Normal',1250),(581,10,'Normal',1500),(582,1,'Normal',1500),(582,2,'Normal',2500),(582,3,'Normal',2500),(582,4,'Normal',1500),(582,5,'Normal',2500),(582,6,'Normal',1500),(582,7,'Normal',1200),(582,8,'Normal',2000),(582,9,'Normal',1250),(582,10,'Normal',1500),(583,1,'Normal',1500),(583,2,'Normal',2500),(583,3,'Normal',2500),(583,4,'Normal',1500),(583,5,'Normal',2500),(583,6,'Normal',1500),(583,7,'Normal',1200),(583,8,'Normal',2000),(583,9,'Normal',1250),(583,10,'Normal',1500),(584,1,'Normal',1500),(584,2,'Normal',2500),(584,3,'Normal',2500),(584,4,'Normal',1500),(584,5,'Normal',2500),(584,6,'Normal',1500),(584,7,'Normal',1200),(584,8,'Normal',2000),(584,9,'Normal',1250),(584,10,'Normal',1500),(585,1,'Normal',1500),(585,2,'Normal',2500),(585,3,'Normal',2500),(585,4,'Normal',1500),(585,5,'Normal',2500),(585,6,'Normal',1500),(585,7,'Normal',1200),(585,8,'Normal',2000),(585,9,'Normal',1250),(585,10,'Normal',1500),(586,1,'Normal',1500),(586,2,'Normal',2500),(586,3,'Normal',2500),(586,4,'Normal',1500),(586,5,'Normal',2500),(586,6,'Normal',1500),(586,7,'Normal',1200),(586,8,'Normal',2000),(586,9,'Normal',1250),(586,10,'Normal',1500),(587,1,'Normal',1500),(587,2,'Normal',2500),(587,3,'Normal',2500),(587,4,'Normal',1500),(587,5,'Normal',2500),(587,6,'Normal',1500),(587,7,'Normal',1200),(587,8,'Normal',2000),(587,9,'Normal',1250),(587,10,'Normal',1500),(588,1,'Normal',1500),(588,2,'Normal',2500),(588,3,'Normal',2500),(588,4,'Normal',1500),(588,5,'Normal',2500),(588,6,'Normal',1500),(588,7,'Normal',1200),(588,8,'Normal',2000),(588,9,'Normal',1250),(588,10,'Normal',1500),(589,1,'Normal',1500),(589,2,'Normal',2500),(589,3,'Normal',2500),(589,4,'Normal',1500),(589,5,'Normal',2500),(589,6,'Normal',1500),(589,7,'Normal',1200),(589,8,'Normal',2000),(589,9,'Normal',1250),(589,10,'Normal',1500),(590,1,'Normal',1500),(590,2,'Normal',2500),(590,3,'Normal',2500),(590,4,'Normal',1500),(590,5,'Normal',2500),(590,6,'Normal',1500),(590,7,'Normal',1200),(590,8,'Normal',2000),(590,9,'Normal',1250),(590,10,'Normal',1500),(591,1,'Normal',1500),(591,2,'Normal',2500),(591,3,'Normal',2500),(591,4,'Normal',1500),(591,5,'Normal',2500),(591,6,'Normal',1500),(591,7,'Normal',1200),(591,8,'Normal',2000),(591,9,'Normal',1250),(591,10,'Normal',1500),(592,1,'Normal',1500),(592,2,'Normal',2500),(592,3,'Normal',2500),(592,4,'Normal',1500),(592,5,'Normal',2500),(592,6,'Normal',1500),(592,7,'Normal',1200),(592,8,'Normal',2000),(592,9,'Normal',1250),(592,10,'Normal',1500),(593,1,'Normal',1500),(593,2,'Normal',2500),(593,3,'Normal',2500),(593,4,'Normal',1500),(593,5,'Normal',2500),(593,6,'Normal',1500),(593,7,'Normal',1200),(593,8,'Normal',2000),(593,9,'Normal',1250),(593,10,'Normal',1500),(594,1,'Normal',1500),(594,2,'Normal',2500),(594,3,'Normal',2500),(594,4,'Normal',1500),(594,5,'Normal',2500),(594,6,'Normal',1500),(594,7,'Normal',1200),(594,8,'Normal',2000),(594,9,'Normal',1250),(594,10,'Normal',1500),(595,1,'Normal',1500),(595,2,'Normal',2500),(595,3,'Normal',2500),(595,4,'Normal',1500),(595,5,'Normal',2500),(595,6,'Normal',1500),(595,7,'Normal',1200),(595,8,'Normal',2000),(595,9,'Normal',1250),(595,10,'Normal',1500),(596,1,'Normal',1500),(596,2,'Normal',2500),(596,3,'Normal',2500),(596,4,'Normal',1500),(596,5,'Normal',2500),(596,6,'Normal',1500),(596,7,'Normal',1200),(596,8,'Normal',2000),(596,9,'Normal',1250),(596,10,'Normal',1500),(597,1,'Normal',1500),(597,2,'Normal',2500),(597,3,'Normal',2500),(597,4,'Normal',1500),(597,5,'Normal',2500),(597,6,'Normal',1500),(597,7,'Normal',1200),(597,8,'Normal',2000),(597,9,'Normal',1250),(597,10,'Normal',1500),(598,1,'Normal',1500),(598,2,'Normal',2500),(598,3,'Normal',2500),(598,4,'Normal',1500),(598,5,'Normal',2500),(598,6,'Normal',1500),(598,7,'Normal',1200),(598,8,'Normal',2000),(598,9,'Normal',1250),(598,10,'Normal',1500),(599,1,'Normal',1500),(599,2,'Normal',2500),(599,3,'Normal',2500),(599,4,'Normal',1500),(599,5,'Normal',2500),(599,6,'Normal',1500),(599,7,'Normal',1200),(599,8,'Normal',2000),(599,9,'Normal',1250),(599,10,'Normal',1500),(600,1,'Normal',1500),(600,2,'Normal',2500),(600,3,'Normal',2500),(600,4,'Normal',1500),(600,5,'Normal',2500),(600,6,'Normal',1500),(600,7,'Normal',1200),(600,8,'Normal',2000),(600,9,'Normal',1250),(600,10,'Normal',1500),(601,1,'Premium',5000),(601,2,'Premium',7500),(601,5,'Premium',6500),(601,7,'Premium',5000),(601,9,'Premium',4000),(602,1,'Premium',5000),(602,2,'Premium',7500),(602,5,'Premium',6500),(602,7,'Premium',5000),(602,9,'Premium',4000),(603,1,'Premium',5000),(603,2,'Premium',7500),(603,5,'Premium',6500),(603,7,'Premium',5000),(603,9,'Premium',4000),(604,1,'Premium',5000),(604,2,'Premium',7500),(604,5,'Premium',6500),(604,7,'Premium',5000),(604,9,'Premium',4000),(605,1,'Premium',5000),(605,2,'Premium',7500),(605,5,'Premium',6500),(605,7,'Premium',5000),(605,9,'Premium',4000),(606,1,'Premium',5000),(606,2,'Premium',7500),(606,5,'Premium',6500),(606,7,'Premium',5000),(606,9,'Premium',4000),(607,1,'Premium',5000),(607,2,'Premium',7500),(607,5,'Premium',6500),(607,7,'Premium',5000),(607,9,'Premium',4000),(608,1,'Premium',5000),(608,2,'Premium',7500),(608,5,'Premium',6500),(608,7,'Premium',5000),(608,9,'Premium',4000),(609,1,'Premium',5000),(609,2,'Premium',7500),(609,5,'Premium',6500),(609,7,'Premium',5000),(609,9,'Premium',4000),(610,1,'Premium',5000),(610,2,'Premium',7500),(610,5,'Premium',6500),(610,7,'Premium',5000),(610,9,'Premium',4000),(611,1,'Premium',5000),(611,2,'Premium',7500),(611,5,'Premium',6500),(611,7,'Premium',5000),(611,9,'Premium',4000),(612,1,'Premium',5000),(612,2,'Premium',7500),(612,5,'Premium',6500),(612,7,'Premium',5000),(612,9,'Premium',4000),(613,1,'Premium',5000),(613,2,'Premium',7500),(613,5,'Premium',6500),(613,7,'Premium',5000),(613,9,'Premium',4000),(614,1,'Premium',5000),(614,2,'Premium',7500),(614,5,'Premium',6500),(614,7,'Premium',5000),(614,9,'Premium',4000),(615,1,'Premium',5000),(615,2,'Premium',7500),(615,5,'Premium',6500),(615,7,'Premium',5000),(615,9,'Premium',4000),(616,1,'Premium',5000),(616,2,'Premium',7500),(616,5,'Premium',6500),(616,7,'Premium',5000),(616,9,'Premium',4000),(617,1,'Premium',5000),(617,2,'Premium',7500),(617,5,'Premium',6500),(617,7,'Premium',5000),(617,9,'Premium',4000),(618,1,'Premium',5000),(618,2,'Premium',7500),(618,5,'Premium',6500),(618,7,'Premium',5000),(618,9,'Premium',4000),(619,1,'Premium',5000),(619,2,'Premium',7500),(619,5,'Premium',6500),(619,7,'Premium',5000),(619,9,'Premium',4000),(620,1,'Premium',5000),(620,2,'Premium',7500),(620,5,'Premium',6500),(620,7,'Premium',5000),(620,9,'Premium',4000),(621,1,'Premium',5000),(621,2,'Premium',7500),(621,5,'Premium',6500),(621,7,'Premium',5000),(621,9,'Premium',4000),(622,1,'Premium',5000),(622,2,'Premium',7500),(622,5,'Premium',6500),(622,7,'Premium',5000),(622,9,'Premium',4000),(623,1,'Premium',5000),(623,2,'Premium',7500),(623,5,'Premium',6500),(623,7,'Premium',5000),(623,9,'Premium',4000),(624,1,'Premium',5000),(624,2,'Premium',7500),(624,5,'Premium',6500),(624,7,'Premium',5000),(624,9,'Premium',4000),(625,1,'Premium',5000),(625,2,'Premium',7500),(625,5,'Premium',6500),(625,7,'Premium',5000),(625,9,'Premium',4000),(626,1,'Premium',5000),(626,2,'Premium',7500),(626,5,'Premium',6500),(626,7,'Premium',5000),(626,9,'Premium',4000),(627,1,'Premium',5000),(627,2,'Premium',7500),(627,5,'Premium',6500),(627,7,'Premium',5000),(627,9,'Premium',4000),(628,1,'Premium',5000),(628,2,'Premium',7500),(628,5,'Premium',6500),(628,7,'Premium',5000),(628,9,'Premium',4000),(629,1,'Premium',5000),(629,2,'Premium',7500),(629,5,'Premium',6500),(629,7,'Premium',5000),(629,9,'Premium',4000),(630,1,'Premium',5000),(630,2,'Premium',7500),(630,5,'Premium',6500),(630,7,'Premium',5000),(630,9,'Premium',4000),(631,1,'Premium',5000),(631,2,'Premium',7500),(631,5,'Premium',6500),(631,7,'Premium',5000),(631,9,'Premium',4000),(632,1,'Premium',5000),(632,2,'Premium',7500),(632,5,'Premium',6500),(632,7,'Premium',5000),(632,9,'Premium',4000),(633,1,'Premium',5000),(633,2,'Premium',7500),(633,5,'Premium',6500),(633,7,'Premium',5000),(633,9,'Premium',4000),(634,1,'Premium',5000),(634,2,'Premium',7500),(634,5,'Premium',6500),(634,7,'Premium',5000),(634,9,'Premium',4000),(635,1,'Premium',5000),(635,2,'Premium',7500),(635,5,'Premium',6500),(635,7,'Premium',5000),(635,9,'Premium',4000),(636,1,'Premium',5000),(636,2,'Premium',7500),(636,5,'Premium',6500),(636,7,'Premium',5000),(636,9,'Premium',4000),(637,1,'Premium',5000),(637,2,'Premium',7500),(637,5,'Premium',6500),(637,7,'Premium',5000),(637,9,'Premium',4000),(638,1,'Premium',5000),(638,2,'Premium',7500),(638,5,'Premium',6500),(638,7,'Premium',5000),(638,9,'Premium',4000),(639,1,'Premium',5000),(639,2,'Premium',7500),(639,5,'Premium',6500),(639,7,'Premium',5000),(639,9,'Premium',4000),(640,1,'Premium',5000),(640,2,'Premium',7500),(640,5,'Premium',6500),(640,7,'Premium',5000),(640,9,'Premium',4000),(641,1,'Premium',5000),(641,2,'Premium',7500),(641,5,'Premium',6500),(641,7,'Premium',5000),(641,9,'Premium',4000),(642,1,'Premium',5000),(642,2,'Premium',7500),(642,5,'Premium',6500),(642,7,'Premium',5000),(642,9,'Premium',4000),(643,1,'Premium',5000),(643,2,'Premium',7500),(643,5,'Premium',6500),(643,7,'Premium',5000),(643,9,'Premium',4000),(644,1,'Premium',5000),(644,2,'Premium',7500),(644,5,'Premium',6500),(644,7,'Premium',5000),(644,9,'Premium',4000),(645,1,'Premium',5000),(645,2,'Premium',7500),(645,5,'Premium',6500),(645,7,'Premium',5000),(645,9,'Premium',4000),(646,1,'Normal',1500),(646,2,'Normal',2500),(646,5,'Normal',2500),(646,7,'Normal',1200),(646,9,'Normal',1250),(647,1,'Normal',1500),(647,2,'Normal',2500),(647,5,'Normal',2500),(647,7,'Normal',1200),(647,9,'Normal',1250),(648,1,'Normal',1500),(648,2,'Normal',2500),(648,5,'Normal',2500),(648,7,'Normal',1200),(648,9,'Normal',1250),(649,1,'Normal',1500),(649,2,'Normal',2500),(649,5,'Normal',2500),(649,7,'Normal',1200),(649,9,'Normal',1250),(650,1,'Normal',1500),(650,2,'Normal',2500),(650,5,'Normal',2500),(650,7,'Normal',1200),(650,9,'Normal',1250),(651,1,'Normal',1500),(651,2,'Normal',2500),(651,5,'Normal',2500),(651,7,'Normal',1200),(651,9,'Normal',1250),(652,1,'Normal',1500),(652,2,'Normal',2500),(652,5,'Normal',2500),(652,7,'Normal',1200),(652,9,'Normal',1250),(653,1,'Normal',1500),(653,2,'Normal',2500),(653,5,'Normal',2500),(653,7,'Normal',1200),(653,9,'Normal',1250),(654,1,'Normal',1500),(654,2,'Normal',2500),(654,5,'Normal',2500),(654,7,'Normal',1200),(654,9,'Normal',1250),(655,1,'Normal',1500),(655,2,'Normal',2500),(655,5,'Normal',2500),(655,7,'Normal',1200),(655,9,'Normal',1250),(656,1,'Normal',1500),(656,2,'Normal',2500),(656,5,'Normal',2500),(656,7,'Normal',1200),(656,9,'Normal',1250),(657,1,'Normal',1500),(657,2,'Normal',2500),(657,5,'Normal',2500),(657,7,'Normal',1200),(657,9,'Normal',1250),(658,1,'Normal',1500),(658,2,'Normal',2500),(658,5,'Normal',2500),(658,7,'Normal',1200),(658,9,'Normal',1250),(659,1,'Normal',1500),(659,2,'Normal',2500),(659,5,'Normal',2500),(659,7,'Normal',1200),(659,9,'Normal',1250),(660,1,'Normal',1500),(660,2,'Normal',2500),(660,5,'Normal',2500),(660,7,'Normal',1200),(660,9,'Normal',1250),(661,1,'Normal',1500),(661,2,'Normal',2500),(661,5,'Normal',2500),(661,7,'Normal',1200),(661,9,'Normal',1250),(662,1,'Normal',1500),(662,2,'Normal',2500),(662,5,'Normal',2500),(662,7,'Normal',1200),(662,9,'Normal',1250),(663,1,'Normal',1500),(663,2,'Normal',2500),(663,5,'Normal',2500),(663,7,'Normal',1200),(663,9,'Normal',1250),(664,1,'Normal',1500),(664,2,'Normal',2500),(664,5,'Normal',2500),(664,7,'Normal',1200),(664,9,'Normal',1250),(665,1,'Normal',1500),(665,2,'Normal',2500),(665,5,'Normal',2500),(665,7,'Normal',1200),(665,9,'Normal',1250),(666,1,'Normal',1500),(666,2,'Normal',2500),(666,5,'Normal',2500),(666,7,'Normal',1200),(666,9,'Normal',1250),(667,1,'Normal',1500),(667,2,'Normal',2500),(667,5,'Normal',2500),(667,7,'Normal',1200),(667,9,'Normal',1250),(668,1,'Normal',1500),(668,2,'Normal',2500),(668,5,'Normal',2500),(668,7,'Normal',1200),(668,9,'Normal',1250),(669,1,'Normal',1500),(669,2,'Normal',2500),(669,5,'Normal',2500),(669,7,'Normal',1200),(669,9,'Normal',1250),(670,1,'Normal',1500),(670,2,'Normal',2500),(670,5,'Normal',2500),(670,7,'Normal',1200),(670,9,'Normal',1250),(671,1,'Normal',1500),(671,2,'Normal',2500),(671,5,'Normal',2500),(671,7,'Normal',1200),(671,9,'Normal',1250),(672,1,'Normal',1500),(672,2,'Normal',2500),(672,5,'Normal',2500),(672,7,'Normal',1200),(672,9,'Normal',1250),(673,1,'Normal',1500),(673,2,'Normal',2500),(673,5,'Normal',2500),(673,7,'Normal',1200),(673,9,'Normal',1250),(674,1,'Normal',1500),(674,2,'Normal',2500),(674,5,'Normal',2500),(674,7,'Normal',1200),(674,9,'Normal',1250),(675,1,'Normal',1500),(675,2,'Normal',2500),(675,5,'Normal',2500),(675,7,'Normal',1200),(675,9,'Normal',1250),(676,1,'Normal',1500),(676,2,'Normal',2500),(676,5,'Normal',2500),(676,7,'Normal',1200),(676,9,'Normal',1250),(677,1,'Normal',1500),(677,2,'Normal',2500),(677,5,'Normal',2500),(677,7,'Normal',1200),(677,9,'Normal',1250),(678,1,'Normal',1500),(678,2,'Normal',2500),(678,5,'Normal',2500),(678,7,'Normal',1200),(678,9,'Normal',1250),(679,1,'Normal',1500),(679,2,'Normal',2500),(679,5,'Normal',2500),(679,7,'Normal',1200),(679,9,'Normal',1250),(680,1,'Normal',1500),(680,2,'Normal',2500),(680,5,'Normal',2500),(680,7,'Normal',1200),(680,9,'Normal',1250),(681,1,'Normal',1500),(681,2,'Normal',2500),(681,5,'Normal',2500),(681,7,'Normal',1200),(681,9,'Normal',1250),(682,1,'Normal',1500),(682,2,'Normal',2500),(682,5,'Normal',2500),(682,7,'Normal',1200),(682,9,'Normal',1250),(683,1,'Normal',1500),(683,2,'Normal',2500),(683,5,'Normal',2500),(683,7,'Normal',1200),(683,9,'Normal',1250),(684,1,'Normal',1500),(684,2,'Normal',2500),(684,5,'Normal',2500),(684,7,'Normal',1200),(684,9,'Normal',1250),(685,1,'Normal',1500),(685,2,'Normal',2500),(685,5,'Normal',2500),(685,7,'Normal',1200),(685,9,'Normal',1250),(686,1,'Normal',1500),(686,2,'Normal',2500),(686,5,'Normal',2500),(686,7,'Normal',1200),(686,9,'Normal',1250),(687,1,'Normal',1500),(687,2,'Normal',2500),(687,5,'Normal',2500),(687,7,'Normal',1200),(687,9,'Normal',1250),(688,1,'Normal',1500),(688,2,'Normal',2500),(688,5,'Normal',2500),(688,7,'Normal',1200),(688,9,'Normal',1250),(689,1,'Normal',1500),(689,2,'Normal',2500),(689,5,'Normal',2500),(689,7,'Normal',1200),(689,9,'Normal',1250),(690,1,'Normal',1500),(690,2,'Normal',2500),(690,5,'Normal',2500),(690,7,'Normal',1200),(690,9,'Normal',1250),(691,1,'Normal',1500),(691,2,'Normal',2500),(691,5,'Normal',2500),(691,7,'Normal',1200),(691,9,'Normal',1250),(692,1,'Normal',1500),(692,2,'Normal',2500),(692,5,'Normal',2500),(692,7,'Normal',1200),(692,9,'Normal',1250),(693,1,'Normal',1500),(693,2,'Normal',2500),(693,5,'Normal',2500),(693,7,'Normal',1200),(693,9,'Normal',1250),(694,1,'Normal',1500),(694,2,'Normal',2500),(694,5,'Normal',2500),(694,7,'Normal',1200),(694,9,'Normal',1250),(695,1,'Normal',1500),(695,2,'Normal',2500),(695,5,'Normal',2500),(695,7,'Normal',1200),(695,9,'Normal',1250),(696,1,'Normal',1500),(696,2,'Normal',2500),(696,5,'Normal',2500),(696,7,'Normal',1200),(696,9,'Normal',1250),(697,1,'Normal',1500),(697,2,'Normal',2500),(697,5,'Normal',2500),(697,7,'Normal',1200),(697,9,'Normal',1250),(698,1,'Normal',1500),(698,2,'Normal',2500),(698,5,'Normal',2500),(698,7,'Normal',1200),(698,9,'Normal',1250),(699,1,'Normal',1500),(699,2,'Normal',2500),(699,5,'Normal',2500),(699,7,'Normal',1200),(699,9,'Normal',1250),(700,1,'Normal',1500),(700,2,'Normal',2500),(700,5,'Normal',2500),(700,7,'Normal',1200),(700,9,'Normal',1250),(701,1,'Normal',1500),(701,2,'Normal',2500),(701,5,'Normal',2500),(701,7,'Normal',1200),(701,9,'Normal',1250),(702,1,'Normal',1500),(702,2,'Normal',2500),(702,5,'Normal',2500),(702,7,'Normal',1200),(702,9,'Normal',1250),(703,1,'Normal',1500),(703,2,'Normal',2500),(703,5,'Normal',2500),(703,7,'Normal',1200),(703,9,'Normal',1250),(704,1,'Normal',1500),(704,2,'Normal',2500),(704,5,'Normal',2500),(704,7,'Normal',1200),(704,9,'Normal',1250),(705,1,'Normal',1500),(705,2,'Normal',2500),(705,5,'Normal',2500),(705,7,'Normal',1200),(705,9,'Normal',1250),(706,1,'Normal',1500),(706,2,'Normal',2500),(706,5,'Normal',2500),(706,7,'Normal',1200),(706,9,'Normal',1250),(707,1,'Normal',1500),(707,2,'Normal',2500),(707,5,'Normal',2500),(707,7,'Normal',1200),(707,9,'Normal',1250),(708,1,'Normal',1500),(708,2,'Normal',2500),(708,5,'Normal',2500),(708,7,'Normal',1200),(708,9,'Normal',1250),(709,1,'Normal',1500),(709,2,'Normal',2500),(709,5,'Normal',2500),(709,7,'Normal',1200),(709,9,'Normal',1250),(710,1,'Normal',1500),(710,2,'Normal',2500),(710,5,'Normal',2500),(710,7,'Normal',1200),(710,9,'Normal',1250),(711,1,'Normal',1500),(711,2,'Normal',2500),(711,5,'Normal',2500),(711,7,'Normal',1200),(711,9,'Normal',1250),(712,1,'Normal',1500),(712,2,'Normal',2500),(712,5,'Normal',2500),(712,7,'Normal',1200),(712,9,'Normal',1250),(713,1,'Normal',1500),(713,2,'Normal',2500),(713,5,'Normal',2500),(713,7,'Normal',1200),(713,9,'Normal',1250),(714,1,'Normal',1500),(714,2,'Normal',2500),(714,5,'Normal',2500),(714,7,'Normal',1200),(714,9,'Normal',1250),(715,1,'Normal',1500),(715,2,'Normal',2500),(715,5,'Normal',2500),(715,7,'Normal',1200),(715,9,'Normal',1250),(716,1,'Normal',1500),(716,2,'Normal',2500),(716,5,'Normal',2500),(716,7,'Normal',1200),(716,9,'Normal',1250),(717,1,'Normal',1500),(717,2,'Normal',2500),(717,5,'Normal',2500),(717,7,'Normal',1200),(717,9,'Normal',1250),(718,1,'Normal',1500),(718,2,'Normal',2500),(718,5,'Normal',2500),(718,7,'Normal',1200),(718,9,'Normal',1250),(719,1,'Normal',1500),(719,2,'Normal',2500),(719,5,'Normal',2500),(719,7,'Normal',1200),(719,9,'Normal',1250),(720,1,'Normal',1500),(720,2,'Normal',2500),(720,5,'Normal',2500),(720,7,'Normal',1200),(720,9,'Normal',1250),(721,1,'Normal',1500),(721,2,'Normal',2500),(721,5,'Normal',2500),(721,7,'Normal',1200),(721,9,'Normal',1250),(722,1,'Normal',1500),(722,2,'Normal',2500),(722,5,'Normal',2500),(722,7,'Normal',1200),(722,9,'Normal',1250),(723,1,'Normal',1500),(723,2,'Normal',2500),(723,5,'Normal',2500),(723,7,'Normal',1200),(723,9,'Normal',1250),(724,1,'Normal',1500),(724,2,'Normal',2500),(724,5,'Normal',2500),(724,7,'Normal',1200),(724,9,'Normal',1250),(725,1,'Normal',1500),(725,2,'Normal',2500),(725,5,'Normal',2500),(725,7,'Normal',1200),(725,9,'Normal',1250),(726,1,'Normal',1500),(726,2,'Normal',2500),(726,5,'Normal',2500),(726,7,'Normal',1200),(726,9,'Normal',1250),(727,1,'Normal',1500),(727,2,'Normal',2500),(727,5,'Normal',2500),(727,7,'Normal',1200),(727,9,'Normal',1250),(728,1,'Normal',1500),(728,2,'Normal',2500),(728,5,'Normal',2500),(728,7,'Normal',1200),(728,9,'Normal',1250),(729,1,'Normal',1500),(729,2,'Normal',2500),(729,5,'Normal',2500),(729,7,'Normal',1200),(729,9,'Normal',1250),(730,1,'Normal',1500),(730,2,'Normal',2500),(730,5,'Normal',2500),(730,7,'Normal',1200),(730,9,'Normal',1250),(731,1,'Normal',1500),(731,2,'Normal',2500),(731,5,'Normal',2500),(731,7,'Normal',1200),(731,9,'Normal',1250),(732,1,'Normal',1500),(732,2,'Normal',2500),(732,5,'Normal',2500),(732,7,'Normal',1200),(732,9,'Normal',1250),(733,1,'Normal',1500),(733,2,'Normal',2500),(733,5,'Normal',2500),(733,7,'Normal',1200),(733,9,'Normal',1250),(734,1,'Normal',1500),(734,2,'Normal',2500),(734,5,'Normal',2500),(734,7,'Normal',1200),(734,9,'Normal',1250),(735,1,'Normal',1500),(735,2,'Normal',2500),(735,5,'Normal',2500),(735,7,'Normal',1200),(735,9,'Normal',1250),(736,1,'Normal',1500),(736,2,'Normal',2500),(736,5,'Normal',2500),(736,7,'Normal',1200),(736,9,'Normal',1250),(737,1,'Normal',1500),(737,2,'Normal',2500),(737,5,'Normal',2500),(737,7,'Normal',1200),(737,9,'Normal',1250),(738,1,'Normal',1500),(738,2,'Normal',2500),(738,5,'Normal',2500),(738,7,'Normal',1200),(738,9,'Normal',1250),(739,1,'Normal',1500),(739,2,'Normal',2500),(739,5,'Normal',2500),(739,7,'Normal',1200),(739,9,'Normal',1250),(740,1,'Normal',1500),(740,2,'Normal',2500),(740,5,'Normal',2500),(740,7,'Normal',1200),(740,9,'Normal',1250),(741,1,'Normal',1500),(741,2,'Normal',2500),(741,5,'Normal',2500),(741,7,'Normal',1200),(741,9,'Normal',1250),(742,1,'Normal',1500),(742,2,'Normal',2500),(742,5,'Normal',2500),(742,7,'Normal',1200),(742,9,'Normal',1250),(743,1,'Normal',1500),(743,2,'Normal',2500),(743,5,'Normal',2500),(743,7,'Normal',1200),(743,9,'Normal',1250),(744,1,'Normal',1500),(744,2,'Normal',2500),(744,5,'Normal',2500),(744,7,'Normal',1200),(744,9,'Normal',1250),(745,1,'Normal',1500),(745,2,'Normal',2500),(745,5,'Normal',2500),(745,7,'Normal',1200),(745,9,'Normal',1250),(746,1,'Normal',1500),(746,2,'Normal',2500),(746,5,'Normal',2500),(746,7,'Normal',1200),(746,9,'Normal',1250),(747,1,'Normal',1500),(747,2,'Normal',2500),(747,5,'Normal',2500),(747,7,'Normal',1200),(747,9,'Normal',1250),(748,1,'Normal',1500),(748,2,'Normal',2500),(748,5,'Normal',2500),(748,7,'Normal',1200),(748,9,'Normal',1250),(749,1,'Normal',1500),(749,2,'Normal',2500),(749,5,'Normal',2500),(749,7,'Normal',1200),(749,9,'Normal',1250),(750,1,'Normal',1500),(750,2,'Normal',2500),(750,5,'Normal',2500),(750,7,'Normal',1200),(750,9,'Normal',1250),(751,1,'Premium',5000),(751,5,'Premium',6500),(752,1,'Premium',5000),(752,5,'Premium',6500),(753,1,'Premium',5000),(753,5,'Premium',6500),(754,1,'Premium',5000),(754,5,'Premium',6500),(755,1,'Premium',5000),(755,5,'Premium',6500),(756,1,'Premium',5000),(756,5,'Premium',6500),(757,1,'Premium',5000),(757,5,'Premium',6500),(758,1,'Premium',5000),(758,5,'Premium',6500),(759,1,'Premium',5000),(759,5,'Premium',6500),(760,1,'Premium',5000),(760,5,'Premium',6500),(761,1,'Premium',5000),(761,5,'Premium',6500),(762,1,'Premium',5000),(762,5,'Premium',6500),(763,1,'Premium',5000),(763,5,'Premium',6500),(764,1,'Premium',5000),(764,5,'Premium',6500),(765,1,'Premium',5000),(765,5,'Premium',6500),(766,1,'Premium',5000),(766,5,'Premium',6500),(767,1,'Premium',5000),(767,5,'Premium',6500),(768,1,'Premium',5000),(768,5,'Premium',6500),(769,1,'Premium',5000),(769,5,'Premium',6500),(770,1,'Premium',5000),(770,5,'Premium',6500),(771,1,'Premium',5000),(771,5,'Premium',6500),(772,1,'Premium',5000),(772,5,'Premium',6500),(773,1,'Premium',5000),(773,5,'Premium',6500),(774,1,'Premium',5000),(774,5,'Premium',6500),(775,1,'Premium',5000),(775,5,'Premium',6500),(776,1,'Premium',5000),(776,5,'Premium',6500),(777,1,'Premium',5000),(777,5,'Premium',6500),(778,1,'Premium',5000),(778,5,'Premium',6500),(779,1,'Premium',5000),(779,5,'Premium',6500),(780,1,'Premium',5000),(780,5,'Premium',6500),(781,1,'Premium',5000),(781,5,'Premium',6500),(782,1,'Premium',5000),(782,5,'Premium',6500),(783,1,'Premium',5000),(783,5,'Premium',6500),(784,1,'Premium',5000),(784,5,'Premium',6500),(785,1,'Premium',5000),(785,5,'Premium',6500),(786,1,'Premium',5000),(786,5,'Premium',6500),(787,1,'Premium',5000),(787,5,'Premium',6500),(788,1,'Premium',5000),(788,5,'Premium',6500),(789,1,'Premium',5000),(789,5,'Premium',6500),(790,1,'Premium',5000),(790,5,'Premium',6500),(791,1,'Premium',5000),(791,5,'Premium',6500),(792,1,'Premium',5000),(792,5,'Premium',6500),(793,1,'Premium',5000),(793,5,'Premium',6500),(794,1,'Premium',5000),(794,5,'Premium',6500),(795,1,'Premium',5000),(795,5,'Premium',6500),(796,1,'Normal',1500),(796,5,'Normal',2500),(797,1,'Normal',1500),(797,5,'Normal',2500),(798,1,'Normal',1500),(798,5,'Normal',2500),(799,1,'Normal',1500),(799,5,'Normal',2500),(800,1,'Normal',1500),(800,5,'Normal',2500),(801,1,'Normal',1500),(801,5,'Normal',2500),(802,1,'Normal',1500),(802,5,'Normal',2500),(803,1,'Normal',1500),(803,5,'Normal',2500),(804,1,'Normal',1500),(804,5,'Normal',2500),(805,1,'Normal',1500),(805,5,'Normal',2500),(806,1,'Normal',1500),(806,5,'Normal',2500),(807,1,'Normal',1500),(807,5,'Normal',2500),(808,1,'Normal',1500),(808,5,'Normal',2500),(809,1,'Normal',1500),(809,5,'Normal',2500),(810,1,'Normal',1500),(810,5,'Normal',2500),(811,1,'Normal',1500),(811,5,'Normal',2500),(812,1,'Normal',1500),(812,5,'Normal',2500),(813,1,'Normal',1500),(813,5,'Normal',2500),(814,1,'Normal',1500),(814,5,'Normal',2500),(815,1,'Normal',1500),(815,5,'Normal',2500),(816,1,'Normal',1500),(816,5,'Normal',2500),(817,1,'Normal',1500),(817,5,'Normal',2500),(818,1,'Normal',1500),(818,5,'Normal',2500),(819,1,'Normal',1500),(819,5,'Normal',2500),(820,1,'Normal',1500),(820,5,'Normal',2500),(821,1,'Normal',1500),(821,5,'Normal',2500),(822,1,'Normal',1500),(822,5,'Normal',2500),(823,1,'Normal',1500),(823,5,'Normal',2500),(824,1,'Normal',1500),(824,5,'Normal',2500),(825,1,'Normal',1500),(825,5,'Normal',2500),(826,1,'Normal',1500),(826,5,'Normal',2500),(827,1,'Normal',1500),(827,5,'Normal',2500),(828,1,'Normal',1500),(828,5,'Normal',2500),(829,1,'Normal',1500),(829,5,'Normal',2500),(830,1,'Normal',1500),(830,5,'Normal',2500),(831,1,'Normal',1500),(831,5,'Normal',2500),(832,1,'Normal',1500),(832,5,'Normal',2500),(833,1,'Normal',1500),(833,5,'Normal',2500),(834,1,'Normal',1500),(834,5,'Normal',2500),(835,1,'Normal',1500),(835,5,'Normal',2500),(836,1,'Normal',1500),(836,5,'Normal',2500),(837,1,'Normal',1500),(837,5,'Normal',2500),(838,1,'Normal',1500),(838,5,'Normal',2500),(839,1,'Normal',1500),(839,5,'Normal',2500),(840,1,'Normal',1500),(840,5,'Normal',2500),(841,1,'Normal',1500),(841,5,'Normal',2500),(842,1,'Normal',1500),(842,5,'Normal',2500),(843,1,'Normal',1500),(843,5,'Normal',2500),(844,1,'Normal',1500),(844,5,'Normal',2500),(845,1,'Normal',1500),(845,5,'Normal',2500),(846,1,'Normal',1500),(846,5,'Normal',2500),(847,1,'Normal',1500),(847,5,'Normal',2500),(848,1,'Normal',1500),(848,5,'Normal',2500),(849,1,'Normal',1500),(849,5,'Normal',2500),(850,1,'Normal',1500),(850,5,'Normal',2500),(851,1,'Normal',1500),(851,5,'Normal',2500),(852,1,'Normal',1500),(852,5,'Normal',2500),(853,1,'Normal',1500),(853,5,'Normal',2500),(854,1,'Normal',1500),(854,5,'Normal',2500),(855,1,'Normal',1500),(855,5,'Normal',2500),(856,1,'Normal',1500),(856,5,'Normal',2500),(857,1,'Normal',1500),(857,5,'Normal',2500),(858,1,'Normal',1500),(858,5,'Normal',2500),(859,1,'Normal',1500),(859,5,'Normal',2500),(860,1,'Normal',1500),(860,5,'Normal',2500),(861,1,'Normal',1500),(861,5,'Normal',2500),(862,1,'Normal',1500),(862,5,'Normal',2500),(863,1,'Normal',1500),(863,5,'Normal',2500),(864,1,'Normal',1500),(864,5,'Normal',2500),(865,1,'Normal',1500),(865,5,'Normal',2500),(866,1,'Normal',1500),(866,5,'Normal',2500),(867,1,'Normal',1500),(867,5,'Normal',2500),(868,1,'Normal',1500),(868,5,'Normal',2500),(869,1,'Normal',1500),(869,5,'Normal',2500),(870,1,'Normal',1500),(870,5,'Normal',2500),(871,1,'Normal',1500),(871,5,'Normal',2500),(872,1,'Normal',1500),(872,5,'Normal',2500),(873,1,'Normal',1500),(873,5,'Normal',2500),(874,1,'Normal',1500),(874,5,'Normal',2500),(875,1,'Normal',1500),(875,5,'Normal',2500),(876,1,'Normal',1500),(876,5,'Normal',2500),(877,1,'Normal',1500),(877,5,'Normal',2500),(878,1,'Normal',1500),(878,5,'Normal',2500),(879,1,'Normal',1500),(879,5,'Normal',2500),(880,1,'Normal',1500),(880,5,'Normal',2500),(881,1,'Normal',1500),(881,5,'Normal',2500),(882,1,'Normal',1500),(882,5,'Normal',2500),(883,1,'Normal',1500),(883,5,'Normal',2500),(884,1,'Normal',1500),(884,5,'Normal',2500),(885,1,'Normal',1500),(885,5,'Normal',2500),(886,1,'Normal',1500),(886,5,'Normal',2500),(887,1,'Normal',1500),(887,5,'Normal',2500),(888,1,'Normal',1500),(888,5,'Normal',2500),(889,1,'Normal',1500),(889,5,'Normal',2500),(890,1,'Normal',1500),(890,5,'Normal',2500),(891,1,'Normal',1500),(891,5,'Normal',2500),(892,1,'Normal',1500),(892,5,'Normal',2500),(893,1,'Normal',1500),(893,5,'Normal',2500),(894,1,'Normal',1500),(894,5,'Normal',2500),(895,1,'Normal',1500),(895,5,'Normal',2500),(896,1,'Normal',1500),(896,5,'Normal',2500),(897,1,'Normal',1500),(897,5,'Normal',2500),(898,1,'Normal',1500),(898,5,'Normal',2500),(899,1,'Normal',1500),(899,5,'Normal',2500),(900,1,'Normal',1500),(900,5,'Normal',2500);
/*!40000 ALTER TABLE `seats` ENABLE KEYS */;
UNLOCK TABLES;

--
-- Table structure for table `stadium`
--

DROP TABLE IF EXISTS `stadium`;
/*!40101 SET @saved_cs_client     = @@character_set_client */;
/*!50503 SET character_set_client = utf8mb4 */;
CREATE TABLE `stadium` (
  `stadium_id` int NOT NULL AUTO_INCREMENT,
  `stadium_name` varchar(45) NOT NULL,
  `capacity` int NOT NULL,
  `country` varchar(45) NOT NULL,
  `city` varchar(45) NOT NULL,
  PRIMARY KEY (`stadium_id`)
) ENGINE=InnoDB AUTO_INCREMENT=13 DEFAULT CHARSET=utf8mb4 COLLATE=utf8mb4_0900_ai_ci;
/*!40101 SET character_set_client = @saved_cs_client */;

--
-- Dumping data for table `stadium`
--

LOCK TABLES `stadium` WRITE;
/*!40000 ALTER TABLE `stadium` DISABLE KEYS */;
INSERT INTO `stadium` VALUES (1,'Wankhede',800,'India','Mumbai'),(2,'Lords',700,'United Kingdom','London'),(3,'Trent Bridge',500,'United Kingdom','Nottingham'),(4,'Eden Gardens',600,'India','Kolkata'),(5,'Melbourne Cricket Ground',800,'Australia','Melbourne'),(6,'Narendra Modi Stadium',600,'India','Ahmedabad'),(7,'Sydney Cricket Ground',700,'Australia','Sydney'),(8,'Wanderers Stadium',500,'South Africa','Johannesburg'),(9,'Seddon Park',700,'New Zealand','Hamilton'),(10,'M.A Chidambaram Stadium',600,'India','Chennai');
/*!40000 ALTER TABLE `stadium` ENABLE KEYS */;
UNLOCK TABLES;

--
-- Table structure for table `teams`
--

DROP TABLE IF EXISTS `teams`;
/*!40101 SET @saved_cs_client     = @@character_set_client */;
/*!50503 SET character_set_client = utf8mb4 */;
CREATE TABLE `teams` (
  `team_id` int NOT NULL AUTO_INCREMENT,
  `team_name` varchar(100) NOT NULL,
  `team_flag` varchar(255) NOT NULL,
  PRIMARY KEY (`team_id`)
) ENGINE=InnoDB AUTO_INCREMENT=11 DEFAULT CHARSET=utf8mb4 COLLATE=utf8mb4_0900_ai_ci;
/*!40101 SET character_set_client = @saved_cs_client */;

--
-- Dumping data for table `teams`
--

LOCK TABLES `teams` WRITE;
/*!40000 ALTER TABLE `teams` DISABLE KEYS */;
INSERT INTO `teams` VALUES (1,'India','IN'),(2,'Australia','AU'),(3,'South Africa','ZA'),(4,'England','GB'),(5,'New Zealand','NZ'),(6,'Bangladesh','BD'),(7,'Sri Lanka','LK'),(8,'Afghanistan','AF'),(9,'Pakistan','PK'),(10,'Ireland','IE');
/*!40000 ALTER TABLE `teams` ENABLE KEYS */;
UNLOCK TABLES;

--
-- Table structure for table `user`
--

DROP TABLE IF EXISTS `user`;
/*!40101 SET @saved_cs_client     = @@character_set_client */;
/*!50503 SET character_set_client = utf8mb4 */;
CREATE TABLE `user` (
  `user_id` int NOT NULL AUTO_INCREMENT,
  `email` varchar(255) NOT NULL,
  `password` varchar(255) NOT NULL,
  `first_name` varchar(255) NOT NULL,
  `last_name` varchar(255) NOT NULL,
  `balance` int NOT NULL,
  PRIMARY KEY (`user_id`),
  UNIQUE KEY `user_id_UNIQUE` (`user_id`),
  UNIQUE KEY `email_UNIQUE` (`email`)
) ENGINE=InnoDB AUTO_INCREMENT=11 DEFAULT CHARSET=utf8mb4 COLLATE=utf8mb4_0900_ai_ci;
/*!40101 SET character_set_client = @saved_cs_client */;

--
-- Dumping data for table `user`
--

LOCK TABLES `user` WRITE;
/*!40000 ALTER TABLE `user` DISABLE KEYS */;
INSERT INTO `user` VALUES (1,'yash@gmail.com','$2b$10$l61ta3V1Cc6ZFBXs8s94YOcX/YPauhAz7Mek120jNDanpaOPHmPBG','Yash','Ratnani',53500),(2,'ashwin@gmail.com','$2b$10$TLznL5Kpxo8RioLFGAzxvO2SsmNc7AjZ25wOoeupQwXbLPSQ1tNp.','Ashwin','Pugalia',22500),(3,'sriram@gmail.com','$2b$10$0.wooZNqdzSjdjhubjvms.Fy3j48Jaqeqyn.SLSQarI.FnCt9qlwO','Sriram','B',22500),(4,'shubh@gmail.com','$2b$10$RZqhN90uKo6VlpD3viymPemalGuxKdH0j0e69KLDPkpoBTetTV4n.','Shubh','Badjate',22500),(5,'user5@gmail.com','$2b$10$dhEeLgMKm1ek./aPvB03WeBo6KPULinj881VN2JZKL3tdqpIKtOAm','User','5',16500),(6,'user6@gmail.com','$2b$10$m9d0N6Jjy352mnHHNQtj2.kC7RDvgnU1NfjdnrogY0k0BPWLVeZuG','User','6',16500),(7,'user7@gmail.com','$2b$10$a7vK3vTcKDn7m8Q/IO5NZevV1r7Wuqj57Ic7neehE.rp/LG.hIAru','User','7',16500),(8,'user8@gmail.com','$2b$10$pDpqIVU6sI8QC93X/6.ie.o.q/FOfmEflVP4W/yYCWS1BBRKPzyG6','User','8',18500),(9,'user9@gmail.com','$2b$10$ZEPbMgi7CY1YcTP6xW/rleSfL2VbBaVrxx3KSdvbz9HPQQaZOSC4i','User','9',7825),(10,'user10@gmail.com','$2b$10$9wwhetTyiussh/P74n4UF.pik6xUst4eNVsJqu5TPdJyP1Rd604ne','User','10',19955);
/*!40000 ALTER TABLE `user` ENABLE KEYS */;
UNLOCK TABLES;
/*!40103 SET TIME_ZONE=@OLD_TIME_ZONE */;

/*!40101 SET SQL_MODE=@OLD_SQL_MODE */;
/*!40014 SET FOREIGN_KEY_CHECKS=@OLD_FOREIGN_KEY_CHECKS */;
/*!40014 SET UNIQUE_CHECKS=@OLD_UNIQUE_CHECKS */;
/*!40101 SET CHARACTER_SET_CLIENT=@OLD_CHARACTER_SET_CLIENT */;
/*!40101 SET CHARACTER_SET_RESULTS=@OLD_CHARACTER_SET_RESULTS */;
/*!40101 SET COLLATION_CONNECTION=@OLD_COLLATION_CONNECTION */;
/*!40111 SET SQL_NOTES=@OLD_SQL_NOTES */;

-- Dump completed on 2022-04-29 12:41:17
